Hanzo Shimada,Natur,Fährtensuchen,KL,IN,IN
Niko K.,Handwerk,Heilkunde Gift,MU,KL,IN
Niko K.,Handwerk,Heilkunde Gift,MU,KL,IN
Niko K.,Handwerk,Heilkunde Wunden,KL,CH,FF
Hanzo Shimada,Wissen,Geographie,KL,KL,IN
Hanzo Shimada,Wissen,Tierkunde,MU,KL,IN
Niko K.,Wissen,Tierkunde,MU,KL,IN
Luisa B.,Körper,Sinnesschärfe,KL,IN,IN
Niko K.,Körper,Sinnesschärfe,KL,IN,IN
Luisa B.,Natur,Wildnisleben,IN,GE,KO
Niko K.,Natur,Wildnisleben,IN,GE,KO
Luisa B.,Körper,Sinnesschärfe,KL,IN,IN
Hanzo Shimada,Körper,Sinnesschärfe,KL,IN,IN
Hanzo Shimada,Körper,Sinnesschärfe,KL,IN,IN
Hanzo Shimada,Körper,Sinnesschärfe,KL,IN,IN
Hanzo Shimada,Körper,Selbstbeherrschung,MU,KO,KK
Hanzo Shimada,Körper,Athletik,GE,KO,KK
Hanzo Shimada,Natur,Fährtensuchen,KL,IN,IN
Luisa B.,Wissen,Tierkunde,MU,KL,IN
Hanzo Shimada,Wissen,Tierkunde,MU,KL,IN
Niko K.,Körper,Sinnesschärfe,KL,IN,IN
Luisa B.,Körper,Sinnesschärfe,KL,IN,IN
Niko K.,Körper,Sinnesschärfe,KL,IN,IN
Hanzo Shimada,Körper,Sinnesschärfe,KL,IN,IN
Hanzo Shimada,Gesellschaft,Überreden,MU,IN,CH
Luisa B.,Körper,Selbstbeherrschung,MU,KO,KK
Yannik F.,Körper,Sinnesschärfe,KL,IN,IN
Yannik F.,Körper,Sinnesschärfe,KL,IN,IN
Yannik F.,Körper,Sinnesschärfe,KL,IN,IN
Yannik F.,Körper,Sinnesschärfe,KL,IN,IN
Yannik F.,Körper,Athletik,GE,KO,KK
Hanzo Shimada,Gesellschaft,Überreden,MU,IN,CH
Hanzo Shimada,Gesellschaft,Überreden,MU,IN,CH
Hanzo Shimada,Handwerk,Heilkunde Wunden,KL,CH,FF
Hanzo Shimada,Körper,Athletik,GE,KO,KK
Luisa B.,Handwerk,Heilkunde Wunden,KL,CH,FF
Luisa B.,Handwerk,Heilkunde Wunden,KL,CH,FF
Luisa B.,Handwerk,Heilkunde Wunden,KL,CH,FF
Niko K.,Natur,Wildnisleben,IN,GE,KO
Luisa B.,Natur,Wildnisleben,IN,GE,KO
Luisa B.,Natur,Wettervorhersage,KL,IN,IN
Hanzo Shimada,Natur,Wettervorhersage,KL,IN,IN
Yannik F.,Handwerk,Heilkunde Wunden,KL,CH,FF
Yannik F.,Handwerk,Heilkunde Wunden,KL,CH,FF
Luisa B.,Körper,Selbstbeherrschung,MU,KO,KK
Niko K.,Körper,Sinnesschärfe,KL,IN,IN
Niko K.,Körper,Selbstbeherrschung,MU,KO,KK
Niko K.,Körper,Tanzen,CH,GE,GE
Hanzo Shimada,Körper,Sinnesschärfe,KL,IN,IN
Hanzo Shimada,Körper,Sinnesschärfe,KL,IN,IN
Hanzo Shimada,Natur,Wildnisleben,IN,GE,KO
Hanzo Shimada,Natur,Wildnisleben,IN,GE,KO
Hanzo Shimada,Natur,Wildnisleben,IN,GE,KO
Luisa B.,Wissen,Pflanzenkunde,KL,IN,FF
Luisa B.,Wissen,Pflanzenkunde,KL,IN,FF
Hanzo Shimada,Natur,Wildnisleben,IN,GE,KO
Yannik F.,Natur,Fischen/Angeln,IN,FF,KK
Hanzo Shimada,Wissen,Tierkunde,MU,KL,IN
Yannik F.,Wissen,Tierkunde,MU,KL,IN
Yannik F.,Natur,Fischen/Angeln,IN,FF,KK
Hanzo Shimada,Natur,Wildnisleben,IN,GE,KO
Hanzo Shimada,Handwerk,Gerber/Kürschner,KL,FF,KO
Yannik F.,Natur,Fischen/Angeln,IN,FF,KK
Yannik F.,Natur,Fischen/Angeln,IN,FF,KK
Hanzo Shimada,Wissen,Tierkunde,MU,KL,IN
Yannik F.,Wissen,Tierkunde,MU,KL,IN
Hanzo Shimada,Handwerk,Kochen,KL,IN,FF
Yannik F.,Körper,Selbstbeherrschung,MU,KO,KK
Luisa B.,Handwerk,Heilkunde Wunden,KL,CH,FF
Luisa B.,Wissen,Götter/Kulte,KL,KL,IN
Yannik F.,Wissen,Götter/Kulte,KL,KL,IN
Hanzo Shimada,Wissen,Götter/Kulte,KL,KL,IN
Luisa B.,Wissen,Götter/Kulte,KL,KL,IN
Yannik F.,Wissen,Rechnen,KL,KL,IN
Hanzo Shimada,Natur,Wildnisleben,IN,GE,KO
Hanzo Shimada,Natur,Wildnisleben,IN,GE,KO
Hanzo Shimada,Natur,Wildnisleben,IN,GE,KO
Hanzo Shimada,Natur,Wildnisleben,IN,GE,KO
Yannik F.,Natur,Fischen/Angeln,IN,FF,KK
Niko K.,Körper,Selbstbeherrschung,MU,KO,KK
Hanzo Shimada,Körper,Selbstbeherrschung,MU,KO,KK
Yannik F.,Körper,Selbstbeherrschung,MU,KO,KK
Yannik F.,Körper,Sinnesschärfe,KL,IN,IN
Niko K.,Körper,Sinnesschärfe,KL,IN,IN
Hanzo Shimada,Körper,Sinnesschärfe,KL,IN,IN
Hanzo Shimada,Körper,Körperbeherrschung,MU,IN,GE
Hanzo Shimada,Wissen,Tierkunde,MU,KL,IN
Niko K.,Handwerk,Heilkunde Wunden,KL,CH,FF
Niko K.,Handwerk,Heilkunde Wunden,KL,CH,FF
Niko K.,Handwerk,Heilkunde Wunden,KL,CH,FF
Niko K.,Körper,Singen,IN,CH,CH
Niko K.,Körper,Tanzen,CH,GE,GE
Niko K.,Körper,Singen,IN,CH,CH
Niko K.,Körper,Tanzen,CH,GE,GE
Hanzo Shimada,Körper,Sinnesschärfe,KL,IN,IN
Hanzo Shimada,Gesellschaft,Menschenkenntnis,KL,IN,CH
Hanzo Shimada,Gesellschaft,Überreden,MU,IN,CH
Akira Masamune,Gesellschaft,Gassenwissen,KL,IN,CH
Akira Masamune,Wissen,Sagen/Legenden,KL,IN,CH
Akira Masamune,Gesellschaft,Überreden,MU,IN,CH
Akira Masamune,Gesellschaft,Menschenkenntnis,KL,IN,CH
Niko K.,Handwerk,Heilkunde Wunden,KL,CH,FF
Hanzo Shimada,Gesellschaft,Menschenkenntnis,KL,IN,CH
Akira Masamune,Gesellschaft,Überreden,MU,IN,CH
Akira Masamune,Wissen,Schätzen,KL,IN,IN
Niko K.,Handwerk,Heilkunde Wunden,KL,CH,FF
Akira Masamune,Körper,Selbstbeherrschung,MU,KO,KK
Akira Masamune,Körper,Sinnesschärfe,KL,IN,IN
Akira Masamune,Körper,Sinnesschärfe,KL,IN,IN
Yannik F.,Körper,Sinnesschärfe,KL,IN,IN
Akira Masamune,Körper,Selbstbeherrschung,MU,KO,KK
Yannik F.,Körper,Selbstbeherrschung,MU,KO,KK
Akira Masamune,Körper,Sinnesschärfe,KL,IN,IN
Yannik F.,Körper,Sinnesschärfe,KL,IN,IN
Niko K.,Handwerk,Heilkunde Wunden,KL,CH,FF
Yannik F.,Körper,Sinnesschärfe,KL,IN,IN
Hanzo Shimada,Körper,Sinnesschärfe,KL,IN,IN
Akira Masamune,Körper,Sinnesschärfe,KL,IN,IN
Niko K.,Körper,Sinnesschärfe,KL,IN,IN
Akira Masamune,Gesellschaft,Überreden,MU,IN,CH
Akira Masamune,Gesellschaft,Überreden,MU,IN,CH
Akira Masamune,Gesellschaft,Überreden,MU,IN,CH
Akira Masamune,Gesellschaft,Überreden,MU,IN,CH
Akira Masamune,Gesellschaft,Überreden,MU,IN,CH
Akira Masamune,Gesellschaft,Überreden,MU,IN,CH
Akira Masamune,Gesellschaft,Überreden,MU,IN,CH
Akira Masamune,Gesellschaft,Überreden,MU,IN,CH
Niko K.,Handwerk,Heilkunde Wunden,KL,CH,FF
Niko K.,Handwerk,Heilkunde Wunden,KL,CH,FF
Niko K.,Handwerk,Heilkunde Wunden,KL,CH,FF
Hanzo Shimada,Natur,Wildnisleben,IN,GE,KO
Yannik F.,Körper,Selbstbeherrschung,MU,KO,KK
Niko K.,Körper,Selbstbeherrschung,MU,KO,KK
Hanzo Shimada,Körper,Selbstbeherrschung,MU,KO,KK
Luisa B.,Handwerk,Heilkunde Wunden,KL,CH,FF
Yannik F.,Körper,Sinnesschärfe,KL,IN,IN
Akira Masamune,Körper,Sinnesschärfe,KL,IN,IN
Luisa B.,Körper,Sinnesschärfe,KL,IN,IN
Niko K.,Körper,Sinnesschärfe,KL,IN,IN
Hanzo Shimada,Körper,Sinnesschärfe,KL,IN,IN
Akira Masamune,Gesellschaft,Überreden,MU,IN,CH
Akira Masamune,Gesellschaft,Überreden,MU,IN,CH
Akira Masamune,Körper,Sinnesschärfe,KL,IN,IN
Hanzo Shimada,Körper,Sinnesschärfe,KL,IN,IN
Hanzo Shimada,Gesellschaft,Überreden,MU,IN,CH
Akira Masamune,Körper,Sinnesschärfe,KL,IN,IN
Luisa B.,Körper,Sinnesschärfe,KL,IN,IN
Hanzo Shimada,Körper,Sinnesschärfe,KL,IN,IN
Niko K.,Körper,Sinnesschärfe,KL,IN,IN
Yannik F.,Körper,Sinnesschärfe,KL,IN,IN
Luisa B.,Wissen,Sagen/Legenden,KL,IN,CH
Akira Masamune,Körper,Sinnesschärfe,KL,IN,IN
Akira Masamune,Gaben,Gefahreninstinkt,KL,IN,IN
Akira Masamune,Gesellschaft,Überreden,MU,IN,CH
Niko K.,Körper,Athletik,GE,KO,KK
Niko K.,Körper,Körperbeherrschung,MU,IN,GE
Niko K.,Körper,Selbstbeherrschung,MU,KO,KK
Niko K.,Körper,Athletik,GE,KO,KK
Niko K.,Körper,Körperbeherrschung,MU,IN,GE
Akira Masamune,Körper,Sinnesschärfe,KL,IN,IN
Luisa B.,Körper,Körperbeherrschung,MU,IN,GE
Hanzo Shimada,Körper,Körperbeherrschung,MU,IN,GE
Luisa B.,Körper,Körperbeherrschung,MU,IN,GE
Luisa B.,Körper,Körperbeherrschung,MU,IN,GE
Yannik F.,Wissen,Sagen/Legenden,KL,IN,CH
Yannik F.,Wissen,Sagen/Legenden,KL,IN,CH
Yannik F.,Körper,Selbstbeherrschung,MU,KO,KK
Yannik F.,Körper,Athletik,GE,KO,KK
Luisa B.,Körper,Körperbeherrschung,MU,IN,GE
Niko K.,Körper,Akrobatik,MU,GE,KK
Hanzo Shimada,Körper,Athletik,GE,KO,KK
Yannik F.,Gesellschaft,Etikette,KL,IN,CH
Akira Masamune,Gesellschaft,Etikette,KL,IN,CH
Luisa B.,Gesellschaft,Etikette,KL,IN,CH
Akira Masamune,Körper,Sinnesschärfe,KL,IN,IN
Yannik F.,Körper,Sinnesschärfe,KL,IN,IN
Hanzo Shimada,Körper,Sinnesschärfe,KL,IN,IN
Niko K.,Körper,Sinnesschärfe,KL,IN,IN
Luisa B.,Körper,Sinnesschärfe,KL,IN,IN
Niko K.,Körper,Sinnesschärfe,KL,IN,IN
Luisa B.,Handwerk,Heilkunde Wunden,KL,CH,FF
Luisa B.,Handwerk,Heilkunde Wunden,KL,CH,FF
Luisa B.,Handwerk,Heilkunde Wunden,KL,CH,FF
Hanzo Shimada,Körper,Sinnesschärfe,KL,IN,IN
Hanzo Shimada,Körper,Schleichen,MU,IN,GE
Akira Masamune,Körper,Sinnesschärfe,KL,IN,IN
Yannik F.,Körper,Sinnesschärfe,KL,IN,IN
Luisa B.,Körper,Sinnesschärfe,KL,IN,IN
Niko K.,Körper,Sinnesschärfe,KL,IN,IN
Niko K.,Körper,Sinnesschärfe,KL,IN,IN
Luisa B.,Körper,Schleichen,MU,IN,GE
Akira Masamune,Gesellschaft,Überreden,MU,IN,CH
Niko K.,Gesellschaft,Überreden,MU,IN,CH
Luisa B.,Körper,Schleichen,MU,IN,GE
Luisa B.,Körper,Sinnesschärfe,KL,IN,IN
Luisa B.,Körper,Sinnesschärfe,KL,IN,IN
Akira Masamune,Wissen,Rechtskunde,KL,KL,IN
Hanzo Shimada,Gesellschaft,Menschenkenntnis,KL,IN,CH
Hanzo Shimada,Körper,Schleichen,MU,IN,GE
Hanzo Shimada,Körper,Sinnesschärfe,KL,IN,IN
Hanzo Shimada,Körper,Sinnesschärfe,KL,IN,IN
Hanzo Shimada,Körper,Sinnesschärfe,KL,IN,IN
Hanzo Shimada,Körper,Schleichen,MU,IN,GE
Akira Masamune,Gesellschaft,Überreden,MU,IN,CH
Akira Masamune,Gesellschaft,Überreden,MU,IN,CH
Niko K.,Gesellschaft,Betören,IN,CH,CH
Akira Masamune,Körper,Selbstbeherrschung,MU,KO,KK
Yannik F.,Körper,Selbstbeherrschung,MU,KO,KK
Niko K.,Körper,Selbstbeherrschung,MU,KO,KK
Hanzo Shimada,Körper,Schleichen,MU,IN,GE
Luisa B.,Körper,Schleichen,MU,IN,GE
Luisa B.,Körper,Sinnesschärfe,KL,IN,IN
Hanzo Shimada,Körper,Sinnesschärfe,KL,IN,IN
Akira Masamune,Wissen,Rechtskunde,KL,KL,IN
Akira Masamune,Gesellschaft,Überreden,MU,IN,CH
Akira Masamune,Gesellschaft,Überreden,MU,IN,CH
Akira Masamune,Gesellschaft,Menschenkenntnis,KL,IN,CH
Niko K.,Wissen,Götter/Kulte,KL,KL,IN
Yannik F.,Wissen,Götter/Kulte,KL,KL,IN
Akira Masamune,Wissen,Götter/Kulte,KL,KL,IN
Akira Masamune,Gesellschaft,Überreden,MU,IN,CH
Akira Masamune,Gesellschaft,Überreden,MU,IN,CH
Akira Masamune,Gesellschaft,Überreden,MU,IN,CH
Akira Masamune,Gesellschaft,Überreden,MU,IN,CH
Hanzo Shimada,Gesellschaft,Menschenkenntnis,KL,IN,CH
Hanzo Shimada,Körper,Schleichen,MU,IN,GE
Hanzo Shimada,Körper,Sinnesschärfe,KL,IN,IN
Luisa B.,Körper,Sinnesschärfe,KL,IN,IN
Hanzo Shimada,Körper,Schleichen,MU,IN,GE
Luisa B.,Gesellschaft,Menschenkenntnis,KL,IN,CH
Luisa B.,Gesellschaft,Etikette,KL,IN,CH
Hanzo Shimada,Gesellschaft,Menschenkenntnis,KL,IN,CH
Hanzo Shimada,Gesellschaft,Überreden,MU,IN,CH
Luisa B.,Gesellschaft,Etikette,KL,IN,CH
Luisa B.,Gesellschaft,Menschenkenntnis,KL,IN,CH
Luisa B.,Gesellschaft,Überreden,MU,IN,CH
Luisa B.,Wissen,Magiekunde,KL,KL,IN
Luisa B.,Wissen,Magiekunde,KL,KL,IN
Luisa B.,Wissen,Geschichtswissen,KL,KL,IN
Luisa B.,Wissen,Sagen/Legenden,KL,IN,CH
Luisa B.,Wissen,Götter/Kulte,KL,KL,IN
Luisa B.,Wissen,Geschichtswissen,KL,KL,IN
Luisa B.,Wissen,Götter/Kulte,KL,KL,IN
Luisa B.,Wissen,Magiekunde,KL,KL,IN
Luisa B.,Wissen,Sagen/Legenden,KL,IN,CH
Hanzo Shimada,Körper,Sinnesschärfe,KL,IN,IN
Hanzo Shimada,Körper,Sinnesschärfe,KL,IN,IN
Luisa B.,Gesellschaft,Menschenkenntnis,KL,IN,CH
Luisa B.,Gesellschaft,Überreden,MU,IN,CH
Luisa B.,Gesellschaft,Überreden,MU,IN,CH
Luisa B.,Körper,Selbstbeherrschung,MU,KO,KK
Hanzo Shimada,Körper,Selbstbeherrschung,MU,KO,KK
Luisa B.,Körper,Selbstbeherrschung,MU,KO,KK
Luisa B.,Körper,Selbstbeherrschung,MU,KO,KK
Luisa B.,Körper,Sinnesschärfe,KL,IN,IN
Luisa B.,Körper,Selbstbeherrschung,MU,KO,KK
Luisa B.,Körper,Selbstbeherrschung,MU,KO,KK
Luisa B.,Gesellschaft,Überreden,MU,IN,CH
Akira Masamune,Gesellschaft,Überreden,MU,IN,CH
Niko K.,Gesellschaft,Überreden,MU,IN,CH
Akira Masamune,Körper,Selbstbeherrschung,MU,KO,KK
Niko K.,Körper,Selbstbeherrschung,MU,KO,KK
Hanzo Shimada,Körper,Athletik,GE,KO,KK
Hanzo Shimada,Körper,Athletik,GE,KO,KK
Akira Masamune,Gesellschaft,Überreden,MU,IN,CH
Akira Masamune,Wissen,Götter/Kulte,KL,KL,IN
Akira Masamune,Wissen,Schätzen,KL,IN,IN
Akira Masamune,Gesellschaft,Überreden,MU,IN,CH
Hanzo Shimada,Körper,Sinnesschärfe,KL,IN,IN
Hanzo Shimada,Körper,Sinnesschärfe,KL,IN,IN
Hanzo Shimada,Körper,Sinnesschärfe,KL,IN,IN
Hanzo Shimada,Körper,Schleichen,MU,IN,GE
Niko K.,Körper,Selbstbeherrschung,MU,KO,KK
Yannik F.,Körper,Selbstbeherrschung,MU,KO,KK
Akira Masamune,Körper,Selbstbeherrschung,MU,KO,KK
Akira Masamune,Körper,Selbstbeherrschung,MU,KO,KK
Akira Masamune,Körper,Sinnesschärfe,KL,IN,IN
Hanzo Shimada,Körper,Sinnesschärfe,KL,IN,IN
Hanzo Shimada,Körper,Schleichen,MU,IN,GE
Luisa B.,Körper,Schleichen,MU,IN,GE
Hanzo Shimada,Körper,Sinnesschärfe,KL,IN,IN
Hanzo Shimada,Körper,Sinnesschärfe,KL,IN,IN
Hanzo Shimada,Körper,Schleichen,MU,IN,GE
Hanzo Shimada,Körper,Schleichen,MU,IN,GE
Luisa B.,Körper,Sinnesschärfe,KL,IN,IN
Luisa B.,Körper,Schleichen,MU,IN,GE
Luisa B.,Körper,Schleichen,MU,IN,GE
Luisa B.,Körper,Sinnesschärfe,KL,IN,IN
Luisa B.,Körper,Sinnesschärfe,KL,IN,IN
Hanzo Shimada,Körper,Sinnesschärfe,KL,IN,IN
Hanzo Shimada,Körper,Schleichen,MU,IN,GE
Akira Masamune,Körper,Schleichen,MU,IN,GE
Hanzo Shimada,Körper,Schleichen,MU,IN,GE
Niko K.,Körper,Schleichen,MU,IN,GE
Hanzo Shimada,Natur,Orientierung,KL,IN,IN
Hanzo Shimada,Natur,Wildnisleben,IN,GE,KO
Hanzo Shimada,Körper,Athletik,GE,KO,KK
Akira Masamune,Körper,Athletik,GE,KO,KK
Niko K.,Körper,Athletik,GE,KO,KK
Luisa B.,Körper,Athletik,GE,KO,KK
Hanzo Shimada,Körper,Sinnesschärfe,KL,IN,IN
Hanzo Shimada,Wissen,Pflanzenkunde,KL,IN,FF
Akira Masamune,Körper,Athletik,GE,KO,KK
Hanzo Shimada,Körper,Athletik,GE,KO,KK
Luisa B.,Körper,Athletik,GE,KO,KK
Yannik F.,Körper,Athletik,GE,KO,KK
Niko K.,Körper,Athletik,GE,KO,KK
Hanzo Shimada,Natur,Wildnisleben,IN,GE,KO
Hanzo Shimada,Natur,Fährtensuchen,KL,IN,IN
Hanzo Shimada,Körper,Schleichen,MU,IN,GE
Hanzo Shimada,Natur,Wettervorhersage,KL,IN,IN
Hanzo Shimada,Natur,Wildnisleben,IN,GE,KO
Hanzo Shimada,Natur,Fährtensuchen,KL,IN,IN
Akira Masamune,Natur,Wildnisleben,IN,GE,KO
Hanzo Shimada,Natur,Fährtensuchen,KL,IN,IN
Hanzo Shimada,Wissen,Tierkunde,MU,KL,IN
Hanzo Shimada,Körper,Sinnesschärfe,KL,IN,IN
Hanzo Shimada,Körper,Schleichen,MU,IN,GE
Hanzo Shimada,Körper,Klettern,MU,GE,KK
Hanzo Shimada,Körper,Schleichen,MU,IN,GE
Hanzo Shimada,Körper,Klettern,MU,GE,KK
Hanzo Shimada,Natur,Orientierung,KL,IN,IN
Akira Masamune,Natur,Orientierung,KL,IN,IN
Akira Masamune,Körper,Sinnesschärfe,KL,IN,IN
Akira Masamune,Natur,Wildnisleben,IN,GE,KO
Hanzo Shimada,Körper,Sinnesschärfe,KL,IN,IN
Yannik F.,Natur,Wildnisleben,IN,GE,KO
Luisa B.,Natur,Wildnisleben,IN,GE,KO
Hanzo Shimada,Körper,Sinnesschärfe,KL,IN,IN
Yannik F.,Natur,Wildnisleben,IN,GE,KO
Niko K.,Natur,Wildnisleben,IN,GE,KO
Niko K.,Natur,Wildnisleben,IN,GE,KO
Hanzo Shimada,Körper,Athletik,GE,KO,KK
Hanzo Shimada,Körper,Athletik,GE,KO,KK
Hanzo Shimada,Körper,Sinnesschärfe,KL,IN,IN
Luisa B.,Natur,Wildnisleben,IN,GE,KO
Hanzo Shimada,Natur,Wildnisleben,IN,GE,KO
Hanzo Shimada,Natur,Fährtensuchen,KL,IN,IN
Hanzo Shimada,Körper,Schleichen,MU,IN,GE
Hanzo Shimada,Natur,Fallenstellen,KL,FF,KK
Hanzo Shimada,Natur,Fallenstellen,KL,FF,KK
Hanzo Shimada,Natur,Fallenstellen,KL,FF,KK
Hanzo Shimada,Natur,Fährtensuchen,KL,IN,IN
Hanzo Shimada,Körper,Schleichen,MU,IN,GE
Hanzo Shimada,Natur,Fährtensuchen,KL,IN,IN
Hanzo Shimada,Körper,Sinnesschärfe,KL,IN,IN
Hanzo Shimada,Körper,Schleichen,MU,IN,GE
Hanzo Shimada,Körper,Schleichen,MU,IN,GE
Hanzo Shimada,Handwerk,Fleischer,KL,FF,KK
Hanzo Shimada,Handwerk,Kochen,KL,IN,FF
Yannik F.,Wissen,Sternkunde,KL,KL,IN
Yannik F.,Wissen,Sternkunde,KL,KL,IN
Hanzo Shimada,Wissen,Götter/Kulte,KL,KL,IN
Luisa B.,Wissen,Götter/Kulte,KL,KL,IN
Yannik F.,Wissen,Götter/Kulte,KL,KL,IN
Hanzo Shimada,Natur,Wettervorhersage,KL,IN,IN
Hanzo Shimada,Wissen,Sagen/Legenden,KL,IN,CH
Niko K.,Handwerk,Heilkunde Wunden,KL,CH,FF
Niko K.,Handwerk,Heilkunde Wunden,KL,CH,FF
Luisa B.,Handwerk,Heilkunde Wunden,KL,CH,FF
Hanzo Shimada,Natur,Orientierung,KL,IN,IN
Hanzo Shimada,Natur,Fährtensuchen,KL,IN,IN
Hanzo Shimada,Wissen,Tierkunde,MU,KL,IN
Luisa B.,Wissen,Tierkunde,MU,KL,IN
Hanzo Shimada,Natur,Wildnisleben,IN,GE,KO
Hanzo Shimada,Körper,Sinnesschärfe,KL,IN,IN
Hanzo Shimada,Körper,Sinnesschärfe,KL,IN,IN
Akira Masamune,Körper,Sinnesschärfe,KL,IN,IN
Hanzo Shimada,Körper,Sinnesschärfe,KL,IN,IN
Hanzo Shimada,Gesellschaft,Überreden,MU,IN,CH
Hanzo Shimada,Gesellschaft,Überreden,MU,IN,CH
Akira Masamune,Wissen,Hüttenkunde,KL,IN,KO
Hanzo Shimada,Handwerk,Fleischer,KL,FF,KK
Hanzo Shimada,Handwerk,Kochen,KL,IN,FF
Hanzo Shimada,Natur,Wildnisleben,IN,GE,KO
Akira Masamune,Wissen,Tierkunde,MU,KL,IN
Akira Masamune,Handwerk,Holzbearbeitung,KL,FF,KK
Hanzo Shimada,Natur,Orientierung,KL,IN,IN
Luisa B.,Natur,Orientierung,KL,IN,IN
Hanzo Shimada,Körper,Sinnesschärfe,KL,IN,IN
Luisa B.,Körper,Sinnesschärfe,KL,IN,IN
Hanzo Shimada,Körper,Schleichen,MU,IN,GE
Luisa B.,Körper,Schleichen,MU,IN,GE
Hanzo Shimada,Körper,Schleichen,MU,IN,GE
Luisa B.,Körper,Schleichen,MU,IN,GE
Hanzo Shimada,Körper,Sinnesschärfe,KL,IN,IN
Luisa B.,Körper,Sinnesschärfe,KL,IN,IN
Luisa B.,Wissen,Magiekunde,KL,KL,IN
Hanzo Shimada,Körper,Schleichen,MU,IN,GE
Luisa B.,Körper,Schleichen,MU,IN,GE
Hanzo Shimada,Körper,Sinnesschärfe,KL,IN,IN
Luisa B.,Körper,Sinnesschärfe,KL,IN,IN
Luisa B.,Körper,Sinnesschärfe,KL,IN,IN
Luisa B.,Körper,Sinnesschärfe,KL,IN,IN
Hanzo Shimada,Körper,Schleichen,MU,IN,GE
Luisa B.,Körper,Schleichen,MU,IN,GE
Hanzo Shimada,Körper,Schleichen,MU,IN,GE
Luisa B.,Körper,Schleichen,MU,IN,GE
Hanzo Shimada,Körper,Sinnesschärfe,KL,IN,IN
Luisa B.,Körper,Sinnesschärfe,KL,IN,IN
Luisa B.,Wissen,Magiekunde,KL,KL,IN
Luisa B.,Wissen,Magiekunde,KL,KL,IN
Luisa B.,Wissen,Magiekunde,KL,KL,IN
Hanzo Shimada,Körper,Sinnesschärfe,KL,IN,IN
Hanzo Shimada,Körper,Schleichen,MU,IN,GE
Hanzo Shimada,Körper,Sinnesschärfe,KL,IN,IN
Hanzo Shimada,Körper,Schleichen,MU,IN,GE
Luisa B.,Körper,Schleichen,MU,IN,GE
Luisa B.,Wissen,Sagen/Legenden,KL,IN,CH
Hanzo Shimada,Körper,Schleichen,MU,IN,GE
Luisa B.,Körper,Schleichen,MU,IN,GE
Luisa B.,Körper,Schleichen,MU,IN,GE
Akira Masamune,Gesellschaft,Überreden,MU,IN,CH
Hanzo Shimada,Körper,Sinnesschärfe,KL,IN,IN
Luisa B.,Körper,Sinnesschärfe,KL,IN,IN
Luisa B.,Körper,Körperbeherrschung,MU,IN,GE
Luisa B.,Körper,Körperbeherrschung,MU,IN,GE
Luisa B.,Körper,Körperbeherrschung,MU,IN,GE
Hanzo Shimada,Körper,Sinnesschärfe,KL,IN,IN
Luisa B.,Körper,Sinnesschärfe,KL,IN,IN
Luisa B.,Körper,Athletik,GE,KO,KK
Luisa B.,Körper,Körperbeherrschung,MU,IN,GE
Luisa B.,Körper,Sinnesschärfe,KL,IN,IN
Luisa B.,Wissen,Magiekunde,KL,KL,IN
Hanzo Shimada,Körper,Sinnesschärfe,KL,IN,IN
Luisa B.,Körper,Sinnesschärfe,KL,IN,IN
Hanzo Shimada,Körper,Sinnesschärfe,KL,IN,IN
Luisa B.,Wissen,Magiekunde,KL,KL,IN
Luisa B.,Körper,Sinnesschärfe,KL,IN,IN
Luisa B.,Körper,Sinnesschärfe,KL,IN,IN
Luisa B.,Körper,Sinnesschärfe,KL,IN,IN
Luisa B.,Körper,Sinnesschärfe,KL,IN,IN
Luisa B.,Körper,Sinnesschärfe,KL,IN,IN
Hanzo Shimada,Körper,Sinnesschärfe,KL,IN,IN
Hanzo Shimada,Körper,Selbstbeherrschung,MU,KO,KK
Luisa B.,Körper,Selbstbeherrschung,MU,KO,KK
Niko K.,Wissen,Pflanzenkunde,KL,IN,FF
Hanzo Shimada,Handwerk,Abrichten,MU,IN,CH
Luisa B.,Körper,Sinnesschärfe,KL,IN,IN
Hanzo Shimada,Natur,Orientierung,KL,IN,IN
Luisa B.,Natur,Orientierung,KL,IN,IN
Hanzo Shimada,Körper,Sinnesschärfe,KL,IN,IN
Luisa B.,Körper,Sinnesschärfe,KL,IN,IN
Luisa B.,Körper,Sinnesschärfe,KL,IN,IN
Luisa B.,Wissen,Geographie,KL,KL,IN
Luisa B.,Körper,Reiten,CH,GE,KK
Luisa B.,Körper,Reiten,CH,GE,KK
Hanzo Shimada,Handwerk,Abrichten,MU,IN,CH
Hanzo Shimada,Natur,Wildnisleben,IN,GE,KO
Hanzo Shimada,Körper,Sinnesschärfe,KL,IN,IN
Hanzo Shimada,Körper,Schleichen,MU,IN,GE
Hanzo Shimada,Körper,Schleichen,MU,IN,GE
Hanzo Shimada,Körper,Schleichen,MU,IN,GE
Hanzo Shimada,Handwerk,Fleischer,KL,FF,KK
Hanzo Shimada,Natur,Wildnisleben,IN,GE,KO
Hanzo Shimada,Handwerk,Kochen,KL,IN,FF
Hanzo Shimada,Handwerk,Kochen,KL,IN,FF
Luisa B.,Natur,Orientierung,KL,IN,IN
Hanzo Shimada,Körper,Sinnesschärfe,KL,IN,IN
Akira Masamune,Natur,Orientierung,KL,IN,IN
Luisa B.,Natur,Orientierung,KL,IN,IN
Akira Masamune,Gesellschaft,Menschenkenntnis,KL,IN,CH
Hanzo Shimada,Handwerk,Kochen,KL,IN,FF
Niko K.,Handwerk,Heilkunde Wunden,KL,CH,FF
Luisa B.,Handwerk,Heilkunde Wunden,KL,CH,FF
Luisa B.,Körper,Selbstbeherrschung,MU,KO,KK
Niko K.,Handwerk,Heilkunde Wunden,KL,CH,FF
Luisa B.,Handwerk,Heilkunde Wunden,KL,CH,FF
Niko K.,Handwerk,Heilkunde Wunden,KL,CH,FF
Luisa B.,Handwerk,Heilkunde Wunden,KL,CH,FF
Yannik F.,Körper,Selbstbeherrschung,MU,KO,KK
Akira Masamune,Handwerk,Kochen,KL,IN,FF
Hanzo Shimada,Handwerk,Kochen,KL,IN,FF
Hanzo Shimada,Körper,Selbstbeherrschung,MU,KO,KK
Hanzo Shimada,Körper,Sinnesschärfe,KL,IN,IN
Akira Masamune,Handwerk,Heilkunde Wunden,KL,CH,FF
Niko K.,Handwerk,Heilkunde Wunden,KL,CH,FF
Luisa B.,Handwerk,Heilkunde Wunden,KL,CH,FF
Hanzo Shimada,Körper,Sinnesschärfe,KL,IN,IN
Akira Masamune,Körper,Sinnesschärfe,KL,IN,IN
Akira Masamune,Wissen,Götter/Kulte,KL,KL,IN
Luisa B.,Wissen,Magiekunde,KL,KL,IN
Luisa B.,Wissen,Magiekunde,KL,KL,IN
Hanzo Shimada,Handwerk,Abrichten,MU,IN,CH
Hanzo Shimada,Natur,Wildnisleben,IN,GE,KO
Akira Masamune,Gesellschaft,Überreden,MU,IN,CH
Akira Masamune,Wissen,Schätzen,KL,IN,IN
Akira Masamune,Gesellschaft,Überreden,MU,IN,CH
Akira Masamune,Gesellschaft,Überreden,MU,IN,CH
Hanzo Shimada,Natur,Wildnisleben,IN,GE,KO
Akira Masamune,Körper,Sinnesschärfe,KL,IN,IN
Niko K.,Natur,Orientierung,KL,IN,IN
Niko K.,Natur,Orientierung,KL,IN,IN
Hanzo Shimada,Handwerk,Abrichten,MU,IN,CH
Akira Masamune,Gesellschaft,Überreden,MU,IN,CH
Akira Masamune,Handwerk,Grobschmied,FL,KO,KK
Akira Masamune,Handwerk,Grobschmied,FL,KO,KK
Akira Masamune,Handwerk,Grobschmied,FL,KO,KK
Akira Masamune,Gesellschaft,Überreden,MU,IN,CH
Akira Masamune,Wissen,Schätzen,KL,IN,IN
Akira Masamune,Gesellschaft,Überreden,MU,IN,CH
Akira Masamune,Wissen,Schätzen,KL,IN,IN
Akira Masamune,Gesellschaft,Überreden,MU,IN,CH
Hanzo Shimada,Gesellschaft,Überreden,MU,IN,CH
Akira Masamune,Gesellschaft,Überreden,MU,IN,CH
Hanzo Shimada,Gesellschaft,Überreden,MU,IN,CH
Hanzo Shimada,Gesellschaft,Überreden,MU,IN,CH
Akira Masamune,Gesellschaft,Überreden,MU,IN,CH
Hanzo Shimada,Gesellschaft,Überreden,MU,IN,CH
Akira Masamune,Körper,Zechen,IN,KO,KK
Hanzo Shimada,Körper,Zechen,IN,KO,KK
Akira Masamune,Gesellschaft,Menschenkenntnis,KL,IN,CH
Akira Masamune,Gesellschaft,Menschenkenntnis,KL,IN,CH
Akira Masamune,Körper,Sinnesschärfe,KL,IN,IN
Hanzo Shimada,Körper,Sinnesschärfe,KL,IN,IN
Akira Masamune,Gesellschaft,Überreden,MU,IN,CH
Hanzo Shimada,Körper,Selbstbeherrschung,MU,KO,KK
Yannik F.,Körper,Selbstbeherrschung,MU,KO,KK
Akira Masamune,Körper,Selbstbeherrschung,MU,KO,KK
Luisa B.,Körper,Selbstbeherrschung,MU,KO,KK
Niko K.,Körper,Selbstbeherrschung,MU,KO,KK
Hanzo Shimada,Körper,Selbstbeherrschung,MU,KO,KK
Niko K.,Körper,Selbstbeherrschung,MU,KO,KK
Akira Masamune,Gaben,Gefahreninstinkt,KL,IN,IN
Akira Masamune,Körper,Sinnesschärfe,KL,IN,IN
Luisa B.,Körper,Sinnesschärfe,KL,IN,IN
Luisa B.,Körper,Sinnesschärfe,KL,IN,IN
Luisa B.,Körper,Sinnesschärfe,KL,IN,IN
Yannik F.,Handwerk,Heilkunde Wunden,KL,CH,FF
Yannik F.,Handwerk,Heilkunde Wunden,KL,CH,FF
Yannik F.,Handwerk,Heilkunde Wunden,KL,CH,FF
Yannik F.,Handwerk,Heilkunde Wunden,KL,CH,FF
Yannik F.,Handwerk,Heilkunde Wunden,KL,CH,FF
Hanzo Shimada,Handwerk,Heilkunde Wunden,KL,CH,FF
Hanzo Shimada,Handwerk,Heilkunde Wunden,KL,CH,FF
Hanzo Shimada,Handwerk,Heilkunde Wunden,KL,CH,FF
Luisa B.,Handwerk,Heilkunde Gift,MU,KL,IN
Luisa B.,Handwerk,Heilkunde Gift,MU,KL,IN
Luisa B.,Handwerk,Heilkunde Gift,MU,KL,IN
Hanzo Shimada,Wissen,Philosophie,KL,KL,IN
Hanzo Shimada,Wissen,Götter/Kulte,KL,KL,IN
Yannik F.,Körper,Selbstbeherrschung,MU,KO,KK
Yannik F.,Körper,Selbstbeherrschung,MU,KO,KK
Yannik F.,Körper,Selbstbeherrschung,MU,KO,KK
Akira Masamune,Gesellschaft,Überreden,MU,IN,CH
Yannik F.,Körper,Reiten,CH,GE,KK
Yannik F.,Körper,Körperbeherrschung,MU,IN,GE
Luisa B.,Handwerk,Heilkunde Wunden,KL,CH,FF
Akira Masamune,Gesellschaft,Überreden,MU,IN,CH
Yannik F.,Körper,Selbstbeherrschung,MU,KO,KK
Hanzo Shimada,Körper,Selbstbeherrschung,MU,KO,KK
Luisa B.,Körper,Selbstbeherrschung,MU,KO,KK
Akira Masamune,Wissen,Götter/Kulte,KL,KL,IN
Luisa B.,Natur,Orientierung,KL,IN,IN
Hanzo Shimada,Körper,Sinnesschärfe,KL,IN,IN
Akira Masamune,Körper,Sinnesschärfe,KL,IN,IN
Luisa B.,Körper,Sinnesschärfe,KL,IN,IN
Yannik F.,Körper,Sinnesschärfe,KL,IN,IN
Niko K.,Körper,Sinnesschärfe,KL,IN,IN
Akira Masamune,Gesellschaft,Gassenwissen,KL,IN,CH
Akira Masamune,Gesellschaft,Menschenkenntnis,KL,IN,CH
Hanzo Shimada,Natur,Fährtensuchen,KL,IN,IN
Luisa B.,Gesellschaft,Gassenwissen,KL,IN,CH
Luisa B.,Körper,Sinnesschärfe,KL,IN,IN
Luisa B.,Körper,Zechen,IN,KO,KK
Akira Masamune,Körper,Zechen,IN,KO,KK
Niko K.,Körper,Sinnesschärfe,KL,IN,IN
Hanzo Shimada,Körper,Zechen,IN,KO,KK
Akira Masamune,Körper,Zechen,IN,KO,KK
Akira Masamune,Gesellschaft,Menschenkenntnis,KL,IN,CH
Akira Masamune,Körper,Zechen,IN,KO,KK
Hanzo Shimada,Körper,Zechen,IN,KO,KK
Hanzo Shimada,Wissen,Pflanzenkunde,KL,IN,FF
Akira Masamune,Körper,Zechen,IN,KO,KK
Hanzo Shimada,Körper,Zechen,IN,KO,KK
Hanzo Shimada,Körper,Zechen,IN,KO,KK
Akira Masamune,Körper,Zechen,IN,KO,KK
Akira Masamune,Körper,Zechen,IN,KO,KK
Akira Masamune,Körper,Zechen,IN,KO,KK
Niko K.,Körper,Zechen,IN,KO,KK
Niko K.,Körper,Zechen,IN,KO,KK
Niko K.,Körper,Zechen,IN,KO,KK
Akira Masamune,Körper,Selbstbeherrschung,MU,KO,KK
Hanzo Shimada,Körper,Selbstbeherrschung,MU,KO,KK
Akira Masamune,Gesellschaft,Gassenwissen,KL,IN,CH
Hanzo Shimada,Natur,Orientierung,KL,IN,IN
Akira Masamune,Natur,Orientierung,KL,IN,IN
Luisa B.,Gesellschaft,Menschenkenntnis,KL,IN,CH
Luisa B.,Natur,Orientierung,KL,IN,IN
Akira Masamune,Wissen,Schätzen,KL,IN,IN
Akira Masamune,Natur,Wildnisleben,IN,GE,KO
Hanzo Shimada,Natur,Wildnisleben,IN,GE,KO
Akira Masamune,Wissen,Schätzen,KL,IN,IN
Akira Masamune,Körper,Singen,IN,CH,CH
Akira Masamune,Gesellschaft,Gassenwissen,KL,IN,CH
Hanzo Shimada,Gesellschaft,Menschenkenntnis,KL,IN,CH
Hanzo Shimada,Natur,Orientierung,KL,IN,IN
Yannik F.,Natur,Orientierung,KL,IN,IN
Hanzo Shimada,Körper,Sinnesschärfe,KL,IN,IN
Hanzo Shimada,Körper,Athletik,GE,KO,KK
Yannik F.,Körper,Athletik,GE,KO,KK
Akira Masamune,Gesellschaft,Menschenkenntnis,KL,IN,CH
Akira Masamune,Wissen,Schätzen,KL,IN,IN
Akira Masamune,Wissen,Schätzen,KL,IN,IN
Akira Masamune,Gesellschaft,Überreden,MU,IN,CH
Hanzo Shimada,Natur,Wettervorhersage,KL,IN,IN
Hanzo Shimada,Natur,Wildnisleben,IN,GE,KO
Hanzo Shimada,Wissen,Tierkunde,MU,KL,IN
Hanzo Shimada,Handwerk,Holzbearbeitung,KL,FF,KK
Hanzo Shimada,Natur,Orientierung,KL,IN,IN
Hanzo Shimada,Natur,Fischen/Angeln,IN,FF,KK
Hanzo Shimada,Wissen,Tierkunde,MU,KL,IN
Hanzo Shimada,Natur,Wildnisleben,IN,GE,KO
Yannik F.,Natur,Wildnisleben,IN,GE,KO
Hanzo Shimada,Körper,Sinnesschärfe,KL,IN,IN
Akira Masamune,Körper,Sinnesschärfe,KL,IN,IN
Hanzo Shimada,Handwerk,Holzbearbeitung,KL,FF,KK
Hanzo Shimada,Natur,Wildnisleben,IN,GE,KO
Hanzo Shimada,Natur,Wildnisleben,IN,GE,KO
Yannik F.,Natur,Wildnisleben,IN,GE,KO
Niko K.,Natur,Wildnisleben,IN,GE,KO
Akira Masamune,Körper,Sinnesschärfe,KL,IN,IN
Hanzo Shimada,Körper,Sinnesschärfe,KL,IN,IN
Yannik F.,Körper,Sinnesschärfe,KL,IN,IN
Akira Masamune,Gaben,Gefahreninstinkt,KL,IN,IN
Niko K.,Körper,Schwimmen,GE,Ko,KK
Hanzo Shimada,Körper,Schwimmen,GE,Ko,KK
Akira Masamune,Körper,Sinnesschärfe,KL,IN,IN
Akira Masamune,Wissen,Tierkunde,MU,KL,IN
Hanzo Shimada,Körper,Schwimmen,GE,Ko,KK
Niko K.,Körper,Schwimmen,GE,Ko,KK
Yannik F.,Körper,Sinnesschärfe,KL,IN,IN
Niko K.,Körper,Schwimmen,GE,Ko,KK
Yannik F.,Körper,Sinnesschärfe,KL,IN,IN
Hanzo Shimada,Körper,Sinnesschärfe,KL,IN,IN
Hanzo Shimada,Körper,Körperbeherrschung,MU,IN,GE
Hanzo Shimada,Körper,Sinnesschärfe,KL,IN,IN
Hanzo Shimada,Handwerk,Heilkunde Wunden,KL,CH,FF
Akira Masamune,Handwerk,Heilkunde Wunden,KL,CH,FF
Hanzo Shimada,Körper,Selbstbeherrschung,MU,KO,KK
Yannik F.,Körper,Selbstbeherrschung,MU,KO,KK
Akira Masamune,Körper,Selbstbeherrschung,MU,KO,KK
Hanzo Shimada,Wissen,Tierkunde,MU,KL,IN
Niko K.,Wissen,Tierkunde,MU,KL,IN
Akira Masamune,Körper,Sinnesschärfe,KL,IN,IN
Hanzo Shimada,Körper,Sinnesschärfe,KL,IN,IN
Akira Masamune,Gaben,Gefahreninstinkt,KL,IN,IN
Hanzo Shimada,Wissen,Tierkunde,MU,KL,IN
Niko K.,Wissen,Tierkunde,MU,KL,IN
Niko K.,Körper,Sinnesschärfe,KL,IN,IN
Akira Masamune,Körper,Körperbeherrschung,MU,IN,GE
Yannik F.,Körper,Athletik,GE,KO,KK
Akira Masamune,Körper,Athletik,GE,KO,KK
Yannik F.,Körper,Athletik,GE,KO,KK
Akira Masamune,Körper,Athletik,GE,KO,KK
Yannik F.,Körper,Athletik,GE,KO,KK
Akira Masamune,Körper,Athletik,GE,KO,KK
Akira Masamune,Gesellschaft,Überreden,MU,IN,CH
Yannik F.,Körper,Athletik,GE,KO,KK
Akira Masamune,Körper,Athletik,GE,KO,KK
Hanzo Shimada,Körper,Sinnesschärfe,KL,IN,IN
Akira Masamune,Körper,Athletik,GE,KO,KK
Yannik F.,Körper,Athletik,GE,KO,KK
Akira Masamune,Körper,Sinnesschärfe,KL,IN,IN
Hanzo Shimada,Körper,Sinnesschärfe,KL,IN,IN
Niko K.,Körper,Sinnesschärfe,KL,IN,IN
Hanzo Shimada,Körper,Sinnesschärfe,KL,IN,IN
Hanzo Shimada,Natur,Fährtensuchen,KL,IN,IN
Niko K.,Körper,Sinnesschärfe,KL,IN,IN
Hanzo Shimada,Körper,Sinnesschärfe,KL,IN,IN
Akira Masamune,Körper,Sinnesschärfe,KL,IN,IN
Yannik F.,Körper,Sinnesschärfe,KL,IN,IN
Niko K.,Körper,Sinnesschärfe,KL,IN,IN
Akira Masamune,Gaben,Gefahreninstinkt,KL,IN,IN
Akira Masamune,Körper,Sinnesschärfe,KL,IN,IN
Niko K.,Körper,Sinnesschärfe,KL,IN,IN
Yannik F.,Körper,Sinnesschärfe,KL,IN,IN
Akira Masamune,Körper,Sinnesschärfe,KL,IN,IN
Niko K.,Natur,Wildnisleben,IN,GE,KO
Niko K.,Körper,Sinnesschärfe,KL,IN,IN
Hanzo Shimada,Körper,Sinnesschärfe,KL,IN,IN
Akira Masamune,Körper,Sinnesschärfe,KL,IN,IN
Yannik F.,Körper,Sinnesschärfe,KL,IN,IN
Akira Masamune,Gesellschaft,Menschenkenntnis,KL,IN,CH
Akira Masamune,Gesellschaft,Überreden,MU,IN,CH
Akira Masamune,Gesellschaft,Menschenkenntnis,KL,IN,CH
Akira Masamune,Gesellschaft,Überreden,MU,IN,CH
Akira Masamune,Gesellschaft,Überreden,MU,IN,CH
Akira Masamune,Gesellschaft,Überreden,MU,IN,CH
Akira Masamune,Gesellschaft,Überreden,MU,IN,CH
Niko K.,Handwerk,Heilkunde Wunden,KL,CH,FF
Niko K.,Handwerk,Heilkunde Wunden,KL,CH,FF
Akira Masamune,Gesellschaft,Überreden,MU,IN,CH
Akira Masamune,Gesellschaft,Überreden,MU,IN,CH
Akira Masamune,Gesellschaft,Menschenkenntnis,KL,IN,CH
Akira Masamune,Gesellschaft,Überreden,MU,IN,CH
Niko K.,Handwerk,Heilkunde Wunden,KL,CH,FF
Akira Masamune,Körper,Selbstbeherrschung,MU,KO,KK
Niko K.,Körper,Selbstbeherrschung,MU,KO,KK
Niko K.,Handwerk,Heilkunde Wunden,KL,CH,FF
Niko K.,Handwerk,Heilkunde Wunden,KL,CH,FF
Niko K.,Handwerk,Heilkunde Wunden,KL,CH,FF
Niko K.,Handwerk,Heilkunde Wunden,KL,CH,FF
Niko K.,Handwerk,Heilkunde Wunden,KL,CH,FF
Hanzo Shimada,Handwerk,Heilkunde Wunden,KL,CH,FF
Akira Masamune,Gesellschaft,Überreden,MU,IN,CH
Hanzo Shimada,Natur,Orientierung,KL,IN,IN
Akira Masamune,Gesellschaft,Überreden,MU,IN,CH
Akira Masamune,Natur,Orientierung,KL,IN,IN
Akira Masamune,Körper,Sinnesschärfe,KL,IN,IN
Hanzo Shimada,Körper,Sinnesschärfe,KL,IN,IN
Niko K.,Körper,Sinnesschärfe,KL,IN,IN
Yannik F.,Körper,Sinnesschärfe,KL,IN,IN
Niko K.,Wissen,Pflanzenkunde,KL,IN,FF
Hanzo Shimada,Wissen,Pflanzenkunde,KL,IN,FF
Akira Masamune,Gaben,Gefahreninstinkt,KL,IN,IN
Niko K.,Körper,Selbstbeherrschung,MU,KO,KK
Niko K.,Körper,Körperbeherrschung,MU,IN,GE
Hanzo Shimada,Körper,Körperbeherrschung,MU,IN,GE
Hanzo Shimada,Natur,Orientierung,KL,IN,IN
Akira Masamune,Körper,Sinnesschärfe,KL,IN,IN
Hanzo Shimada,Körper,Sinnesschärfe,KL,IN,IN
Akira Masamune,Körper,Sinnesschärfe,KL,IN,IN
Hanzo Shimada,Körper,Sinnesschärfe,KL,IN,IN
Niko K.,Körper,Sinnesschärfe,KL,IN,IN
Yannik F.,Körper,Sinnesschärfe,KL,IN,IN
Niko K.,Wissen,Pflanzenkunde,KL,IN,FF
Hanzo Shimada,Körper,Sinnesschärfe,KL,IN,IN
Niko K.,Körper,Sinnesschärfe,KL,IN,IN
Akira Masamune,Körper,Sinnesschärfe,KL,IN,IN
Yannik F.,Körper,Sinnesschärfe,KL,IN,IN
Yannik F.,Körper,Körperbeherrschung,MU,IN,GE
Yannik F.,Körper,Körperbeherrschung,MU,IN,GE
Akira Masamune,Körper,Schwimmen,GE,Ko,KK
Hanzo Shimada,Körper,Schwimmen,GE,Ko,KK
Hanzo Shimada,Körper,Sinnesschärfe,KL,IN,IN
Yannik F.,Körper,Sinnesschärfe,KL,IN,IN
Akira Masamune,Körper,Sinnesschärfe,KL,IN,IN
Niko K.,Körper,Sinnesschärfe,KL,IN,IN
Hanzo Shimada,Körper,Körperbeherrschung,MU,IN,GE
Akira Masamune,Körper,Körperbeherrschung,MU,IN,GE
Hanzo Shimada,Wissen,Götter/Kulte,KL,KL,IN
Yannik F.,Wissen,Götter/Kulte,KL,KL,IN
Niko K.,Wissen,Götter/Kulte,KL,KL,IN
Hanzo Shimada,Natur,Wildnisleben,IN,GE,KO
Hanzo Shimada,Körper,Sinnesschärfe,KL,IN,IN
Akira Masamune,Körper,Sinnesschärfe,KL,IN,IN
Yannik F.,Körper,Sinnesschärfe,KL,IN,IN
Niko K.,Körper,Sinnesschärfe,KL,IN,IN
Niko K.,Körper,Sinnesschärfe,KL,IN,IN
Akira Masamune,Wissen,Schätzen,KL,IN,IN
Niko K.,Handwerk,Heilkunde Wunden,KL,CH,FF
Niko K.,Körper,Sinnesschärfe,KL,IN,IN
Yannik F.,Körper,Sinnesschärfe,KL,IN,IN
Yannik F.,Körper,Sinnesschärfe,KL,IN,IN
Yannik F.,Körper,Körperbeherrschung,MU,IN,GE
Akira Masamune,Körper,Körperbeherrschung,MU,IN,GE
Yannik F.,Körper,Körperbeherrschung,MU,IN,GE
Hanzo Shimada,Körper,Körperbeherrschung,MU,IN,GE
Niko K.,Körper,Körperbeherrschung,MU,IN,GE
Niko K.,Körper,Sinnesschärfe,KL,IN,IN
Yannik F.,Körper,Körperbeherrschung,MU,IN,GE
Yannik F.,Körper,Körperbeherrschung,MU,IN,GE
Yannik F.,Körper,Sinnesschärfe,KL,IN,IN
Akira Masamune,Gesellschaft,Menschenkenntnis,KL,IN,CH
Akira Masamune,Natur,Fesseln/Entfesseln,FF,GE,KK
Hanzo Shimada,Natur,Fesseln/Entfesseln,FF,GE,KK
Hanzo Shimada,Natur,Fesseln/Entfesseln,FF,GE,KK
Hanzo Shimada,Natur,Fesseln/Entfesseln,FF,GE,KK
Yannik F.,Natur,Fesseln/Entfesseln,FF,GE,KK
Hanzo Shimada,Natur,Wildnisleben,IN,GE,KO
Akira Masamune,Körper,Sinnesschärfe,KL,IN,IN
Akira Masamune,Natur,Fesseln/Entfesseln,FF,GE,KK
Niko K.,Körper,Klettern,MU,GE,KK
Akira Masamune,Natur,Fesseln/Entfesseln,FF,GE,KK
Yannik F.,Körper,Klettern,MU,GE,KK
Akira Masamune,Natur,Fesseln/Entfesseln,FF,GE,KK
Niko K.,Handwerk,Heilkunde Wunden,KL,CH,FF
Niko K.,Handwerk,Heilkunde Wunden,KL,CH,FF
Hanzo Shimada,Körper,Selbstbeherrschung,MU,KO,KK
Niko K.,Körper,Selbstbeherrschung,MU,KO,KK
Yannik F.,Körper,Selbstbeherrschung,MU,KO,KK
Akira Masamune,Körper,Selbstbeherrschung,MU,KO,KK
Hanzo Shimada,Körper,Selbstbeherrschung,MU,KO,KK
Akira Masamune,Körper,Sinnesschärfe,KL,IN,IN
Yannik F.,Körper,Klettern,MU,GE,KK
Yannik F.,Körper,Klettern,MU,GE,KK
Hanzo Shimada,Natur,Wildnisleben,IN,GE,KO
Hanzo Shimada,Körper,Sinnesschärfe,KL,IN,IN
Hanzo Shimada,Körper,Sinnesschärfe,KL,IN,IN
Hanzo Shimada,Körper,Sinnesschärfe,KL,IN,IN
Akira Masamune,Gaben,Gefahreninstinkt,KL,IN,IN
Hanzo Shimada,Körper,Körperbeherrschung,MU,IN,GE
Hanzo Shimada,Körper,Sinnesschärfe,KL,IN,IN
Akira Masamune,Körper,Sinnesschärfe,KL,IN,IN
Hanzo Shimada,Körper,Körperbeherrschung,MU,IN,GE
Akira Masamune,Körper,Sinnesschärfe,KL,IN,IN
Niko K.,Handwerk,Heilkunde Wunden,KL,CH,FF
Akira Masamune,Körper,Sinnesschärfe,KL,IN,IN
Niko K.,Handwerk,Heilkunde Wunden,KL,CH,FF
Niko K.,Handwerk,Heilkunde Wunden,KL,CH,FF
Hanzo Shimada,Körper,Selbstbeherrschung,MU,KO,KK
Yannik F.,Körper,Selbstbeherrschung,MU,KO,KK
Akira Masamune,Körper,Selbstbeherrschung,MU,KO,KK
Niko K.,Körper,Selbstbeherrschung,MU,KO,KK
Hanzo Shimada,Körper,Selbstbeherrschung,MU,KO,KK
Niko K.,Körper,Sinnesschärfe,KL,IN,IN
Akira Masamune,Körper,Sinnesschärfe,KL,IN,IN
Akira Masamune,Körper,Sinnesschärfe,KL,IN,IN
Akira Masamune,Körper,Sinnesschärfe,KL,IN,IN
Yannik F.,Körper,Körperbeherrschung,MU,IN,GE
Akira Masamune,Körper,Körperbeherrschung,MU,IN,GE
Hanzo Shimada,Körper,Körperbeherrschung,MU,IN,GE
Niko K.,Körper,Körperbeherrschung,MU,IN,GE
Yannik F.,Körper,Sinnesschärfe,KL,IN,IN
Yannik F.,Körper,Sinnesschärfe,KL,IN,IN
Akira Masamune,Körper,Sinnesschärfe,KL,IN,IN
Yannik F.,Körper,Körperbeherrschung,MU,IN,GE
Yannik F.,Körper,Körperbeherrschung,MU,IN,GE
Yannik F.,Körper,Körperbeherrschung,MU,IN,GE
Yannik F.,Körper,Körperbeherrschung,MU,IN,GE
Yannik F.,Körper,Körperbeherrschung,MU,IN,GE
Yannik F.,Körper,Körperbeherrschung,MU,IN,GE
Akira Masamune,Körper,Körperbeherrschung,MU,IN,GE
Akira Masamune,Körper,Körperbeherrschung,MU,IN,GE
Akira Masamune,Körper,Körperbeherrschung,MU,IN,GE
Yannik F.,Körper,Körperbeherrschung,MU,IN,GE
Yannik F.,Körper,Körperbeherrschung,MU,IN,GE
Yannik F.,Körper,Körperbeherrschung,MU,IN,GE
Yannik F.,Körper,Körperbeherrschung,MU,IN,GE
Yannik F.,Körper,Schwimmen,GE,Ko,KK
Yannik F.,Körper,Schwimmen,GE,Ko,KK
Yannik F.,Körper,Schwimmen,GE,Ko,KK
Yannik F.,Körper,Schwimmen,GE,Ko,KK
Yannik F.,Körper,Schwimmen,GE,Ko,KK
Yannik F.,Körper,Schwimmen,GE,Ko,KK
Yannik F.,Körper,Schwimmen,GE,Ko,KK
Yannik F.,Körper,Selbstbeherrschung,MU,KO,KK
Hanzo Shimada,Körper,Schwimmen,GE,Ko,KK
Akira Masamune,Körper,Selbstbeherrschung,MU,KO,KK
Akira Masamune,Körper,Körperbeherrschung,MU,IN,GE
Akira Masamune,Körper,Körperbeherrschung,MU,IN,GE
Akira Masamune,Körper,Schwimmen,GE,Ko,KK
Akira Masamune,Körper,Schwimmen,GE,Ko,KK
Akira Masamune,Körper,Selbstbeherrschung,MU,KO,KK
Akira Masamune,Körper,Schwimmen,GE,Ko,KK
Akira Masamune,Körper,Schwimmen,GE,Ko,KK
Akira Masamune,Körper,Körperbeherrschung,MU,IN,GE
Akira Masamune,Körper,Schwimmen,GE,Ko,KK
Akira Masamune,Körper,Schwimmen,GE,Ko,KK
Akira Masamune,Körper,Schwimmen,GE,Ko,KK
Akira Masamune,Körper,Schwimmen,GE,Ko,KK
Akira Masamune,Körper,Selbstbeherrschung,MU,KO,KK
Akira Masamune,Körper,Schwimmen,GE,Ko,KK
Niko K.,Handwerk,Heilkunde Wunden,KL,CH,FF
Akira Masamune,Natur,Fesseln/Entfesseln,FF,GE,KK
Akira Masamune,Körper,Körperbeherrschung,MU,IN,GE
Akira Masamune,Körper,Körperbeherrschung,MU,IN,GE
Akira Masamune,Körper,Körperbeherrschung,MU,IN,GE
Akira Masamune,Körper,Körperbeherrschung,MU,IN,GE
Akira Masamune,Körper,Körperbeherrschung,MU,IN,GE
Akira Masamune,Körper,Körperbeherrschung,MU,IN,GE
Akira Masamune,Körper,Körperbeherrschung,MU,IN,GE
Akira Masamune,Körper,Körperbeherrschung,MU,IN,GE
Akira Masamune,Körper,Körperbeherrschung,MU,IN,GE
Akira Masamune,Körper,Körperbeherrschung,MU,IN,GE
Akira Masamune,Körper,Körperbeherrschung,MU,IN,GE
Akira Masamune,Körper,Körperbeherrschung,MU,IN,GE
Akira Masamune,Körper,Körperbeherrschung,MU,IN,GE
Akira Masamune,Körper,Körperbeherrschung,MU,IN,GE
Akira Masamune,Körper,Körperbeherrschung,MU,IN,GE
Akira Masamune,Körper,Körperbeherrschung,MU,IN,GE
Akira Masamune,Körper,Körperbeherrschung,MU,IN,GE
Akira Masamune,Körper,Körperbeherrschung,MU,IN,GE
Akira Masamune,Körper,Körperbeherrschung,MU,IN,GE
Akira Masamune,Körper,Körperbeherrschung,MU,IN,GE
Akira Masamune,Körper,Körperbeherrschung,MU,IN,GE
Akira Masamune,Körper,Körperbeherrschung,MU,IN,GE
Akira Masamune,Körper,Körperbeherrschung,MU,IN,GE
Akira Masamune,Körper,Körperbeherrschung,MU,IN,GE
Akira Masamune,Körper,Körperbeherrschung,MU,IN,GE
Akira Masamune,Körper,Körperbeherrschung,MU,IN,GE
Akira Masamune,Körper,Körperbeherrschung,MU,IN,GE
Akira Masamune,Körper,Körperbeherrschung,MU,IN,GE
Akira Masamune,Körper,Körperbeherrschung,MU,IN,GE
Akira Masamune,Körper,Körperbeherrschung,MU,IN,GE
Akira Masamune,Körper,Sinnesschärfe,KL,IN,IN
Hanzo Shimada,Körper,Singen,IN,CH,CH
Niko K.,Handwerk,Heilkunde Wunden,KL,CH,FF
Niko K.,Körper,Körperbeherrschung,MU,IN,GE
Niko K.,Handwerk,Heilkunde Wunden,KL,CH,FF
Hanzo Shimada,Körper,Selbstbeherrschung,MU,KO,KK
Akira Masamune,Körper,Selbstbeherrschung,MU,KO,KK
Niko K.,Körper,Selbstbeherrschung,MU,KO,KK
Yannik F.,Körper,Selbstbeherrschung,MU,KO,KK
Yannik F.,Körper,Körperbeherrschung,MU,IN,GE
Niko K.,Körper,Körperbeherrschung,MU,IN,GE
Akira Masamune,Körper,Körperbeherrschung,MU,IN,GE
Akira Masamune,Körper,Körperbeherrschung,MU,IN,GE
Akira Masamune,Körper,Körperbeherrschung,MU,IN,GE
Niko K.,Körper,Körperbeherrschung,MU,IN,GE
Niko K.,Körper,Körperbeherrschung,MU,IN,GE
Hanzo Shimada,Körper,Körperbeherrschung,MU,IN,GE
Hanzo Shimada,Körper,Körperbeherrschung,MU,IN,GE
Hanzo Shimada,Körper,Körperbeherrschung,MU,IN,GE
Yannik F.,Körper,Körperbeherrschung,MU,IN,GE
Yannik F.,Körper,Körperbeherrschung,MU,IN,GE
Hanzo Shimada,Körper,Sinnesschärfe,KL,IN,IN
Niko K.,Körper,Sinnesschärfe,KL,IN,IN
Niko K.,Körper,Sinnesschärfe,KL,IN,IN
Hanzo Shimada,Körper,Sinnesschärfe,KL,IN,IN
Akira Masamune,Körper,Sinnesschärfe,KL,IN,IN
Akira Masamune,Körper,Sinnesschärfe,KL,IN,IN
Hanzo Shimada,Körper,Sinnesschärfe,KL,IN,IN
Hanzo Shimada,Körper,Sinnesschärfe,KL,IN,IN
Hanzo Shimada,Körper,Sinnesschärfe,KL,IN,IN
Hanzo Shimada,Natur,Wildnisleben,IN,GE,KO
Hanzo Shimada,Körper,Sinnesschärfe,KL,IN,IN
Hanzo Shimada,Körper,Sinnesschärfe,KL,IN,IN
Akira Masamune,Körper,Sinnesschärfe,KL,IN,IN
Yannik F.,Körper,Sinnesschärfe,KL,IN,IN
Niko K.,Körper,Sinnesschärfe,KL,IN,IN
Hanzo Shimada,Natur,Wildnisleben,IN,GE,KO
Hanzo Shimada,Körper,Sinnesschärfe,KL,IN,IN
Akira Masamune,Körper,Sinnesschärfe,KL,IN,IN
Akira Masamune,Körper,Sinnesschärfe,KL,IN,IN
Akira Masamune,Körper,Sinnesschärfe,KL,IN,IN
Hanzo Shimada,Körper,Sinnesschärfe,KL,IN,IN
Hanzo Shimada,Körper,Sinnesschärfe,KL,IN,IN
Hanzo Shimada,Wissen,Tierkunde,MU,KL,IN
Hanzo Shimada,Natur,Fischen/Angeln,IN,FF,KK
Hanzo Shimada,Wissen,Tierkunde,MU,KL,IN
Hanzo Shimada,Natur,Fischen/Angeln,IN,FF,KK
Akira Masamune,Körper,Sinnesschärfe,KL,IN,IN
Hanzo Shimada,Handwerk,Fleischer,KL,FF,KK
Hanzo Shimada,Wissen,Pflanzenkunde,KL,IN,FF
Hanzo Shimada,Handwerk,Kochen,KL,IN,FF
Niko K.,Handwerk,Heilkunde Wunden,KL,CH,FF
Akira Masamune,Körper,Selbstbeherrschung,MU,KO,KK
Akira Masamune,Körper,Selbstbeherrschung,MU,KO,KK
Akira Masamune,Körper,Sinnesschärfe,KL,IN,IN
Hanzo Shimada,Körper,Sinnesschärfe,KL,IN,IN
Akira Masamune,Körper,Sinnesschärfe,KL,IN,IN
Niko K.,Körper,Sinnesschärfe,KL,IN,IN
Akira Masamune,Körper,Sinnesschärfe,KL,IN,IN
Hanzo Shimada,Körper,Sinnesschärfe,KL,IN,IN
Hanzo Shimada,Körper,Athletik,GE,KO,KK
Akira Masamune,Körper,Athletik,GE,KO,KK
Niko K.,Körper,Athletik,GE,KO,KK
Hanzo Shimada,Körper,Körperbeherrschung,MU,IN,GE
Niko K.,Körper,Körperbeherrschung,MU,IN,GE
Akira Masamune,Körper,Körperbeherrschung,MU,IN,GE
Hanzo Shimada,Körper,Sinnesschärfe,KL,IN,IN
Akira Masamune,Körper,Sinnesschärfe,KL,IN,IN
Akira Masamune,Körper,Sinnesschärfe,KL,IN,IN
Hanzo Shimada,Körper,Sinnesschärfe,KL,IN,IN
Akira Masamune,Körper,Sinnesschärfe,KL,IN,IN
Niko K.,Körper,Sinnesschärfe,KL,IN,IN
Hanzo Shimada,Körper,Selbstbeherrschung,MU,KO,KK
Hanzo Shimada,Körper,Körperbeherrschung,MU,IN,GE
Akira Masamune,Körper,Körperbeherrschung,MU,IN,GE
Niko K.,Körper,Körperbeherrschung,MU,IN,GE
Hanzo Shimada,Körper,Körperbeherrschung,MU,IN,GE
Niko K.,Körper,Körperbeherrschung,MU,IN,GE
Akira Masamune,Körper,Körperbeherrschung,MU,IN,GE
Akira Masamune,Körper,Sinnesschärfe,KL,IN,IN
Akira Masamune,Wissen,Schätzen,KL,IN,IN
Akira Masamune,Wissen,Götter/Kulte,KL,KL,IN
Hanzo Shimada,Körper,Sinnesschärfe,KL,IN,IN
Akira Masamune,Körper,Sinnesschärfe,KL,IN,IN
Akira Masamune,Körper,Sinnesschärfe,KL,IN,IN
Niko K.,Körper,Sinnesschärfe,KL,IN,IN
Hanzo Shimada,Körper,Sinnesschärfe,KL,IN,IN
Niko K.,Körper,Sinnesschärfe,KL,IN,IN
Akira Masamune,Wissen,Schätzen,KL,IN,IN
Akira Masamune,Wissen,Schätzen,KL,IN,IN
Akira Masamune,Körper,Sinnesschärfe,KL,IN,IN
Akira Masamune,Körper,Sinnesschärfe,KL,IN,IN
Akira Masamune,Körper,Sinnesschärfe,KL,IN,IN
Akira Masamune,Körper,Sinnesschärfe,KL,IN,IN
Niko K.,Körper,Sinnesschärfe,KL,IN,IN
Akira Masamune,Körper,Sinnesschärfe,KL,IN,IN
Hanzo Shimada,Körper,Sinnesschärfe,KL,IN,IN
Niko K.,Körper,Schwimmen,GE,Ko,KK
Hanzo Shimada,Körper,Schwimmen,GE,Ko,KK
Niko K.,Körper,Selbstbeherrschung,MU,KO,KK
Niko K.,Körper,Schwimmen,GE,Ko,KK
Akira Masamune,Gaben,Gefahreninstinkt,KL,IN,IN
Akira Masamune,Gesellschaft,Überreden,MU,IN,CH
Niko K.,Körper,Selbstbeherrschung,MU,KO,KK
Akira Masamune,Körper,Athletik,GE,KO,KK
Hanzo Shimada,Körper,Sinnesschärfe,KL,IN,IN
Hanzo Shimada,Körper,Sinnesschärfe,KL,IN,IN
Hanzo Shimada,Körper,Sinnesschärfe,KL,IN,IN
Hanzo Shimada,Körper,Sinnesschärfe,KL,IN,IN
Akira Masamune,Körper,Schwimmen,GE,Ko,KK
Hanzo Shimada,Körper,Schleichen,MU,IN,GE
Hanzo Shimada,Körper,Sinnesschärfe,KL,IN,IN
Akira Masamune,Gesellschaft,Überreden,MU,IN,CH
Akira Masamune,Körper,Schwimmen,GE,Ko,KK
Akira Masamune,Gesellschaft,Überreden,MU,IN,CH
Hanzo Shimada,Körper,Körperbeherrschung,MU,IN,GE
Akira Masamune,Gesellschaft,Überreden,MU,IN,CH
Hanzo Shimada,Handwerk,Kochen,KL,IN,FF
Hanzo Shimada,Handwerk,Heilkunde Wunden,KL,CH,FF
Hanzo Shimada,Handwerk,Heilkunde Wunden,KL,CH,FF
Akira Masamune,Gesellschaft,Gassenwissen,KL,IN,CH
Hanzo Shimada,Handwerk,Ackerbau,IN,FF,KO
Hanzo Shimada,Wissen,Schätzen,KL,IN,IN
Hanzo Shimada,Natur,Orientierung,KL,IN,IN
Hanzo Shimada,Körper,Zechen,IN,KO,KK
Hanzo Shimada,Körper,Zechen,IN,KO,KK
Yannik F.,Körper,Zechen,IN,KO,KK
Yannik F.,Wissen,Magiekunde,KL,KL,IN
Akira Masamune,Wissen,Schätzen,KL,IN,IN
Akira Masamune,Wissen,Schätzen,KL,IN,IN
Akira Masamune,Gesellschaft,Gassenwissen,KL,IN,CH
Akira Masamune,Gesellschaft,Gassenwissen,KL,IN,CH
Akira Masamune,Gesellschaft,Menschenkenntnis,KL,IN,CH
Akira Masamune,Handwerk,Grobschmied,FL,KO,KK
Akira Masamune,Gesellschaft,Überreden,MU,IN,CH
Hanzo Shimada,Körper,Sinnesschärfe,KL,IN,IN
Hanzo Shimada,Körper,Schleichen,MU,IN,GE
Hanzo Shimada,Gesellschaft,Etikette,KL,IN,CH
Hanzo Shimada,Körper,Sinnesschärfe,KL,IN,IN
Hanzo Shimada,Körper,Taschendiebstahl,MU,IN,FF
Hanzo Shimada,Körper,Taschendiebstahl,MU,IN,FF
Hanzo Shimada,Körper,Taschendiebstahl,MU,IN,FF
Hanzo Shimada,Körper,Taschendiebstahl,MU,IN,FF
Hanzo Shimada,Gesellschaft,Menschenkenntnis,KL,IN,CH
Hanzo Shimada,Körper,Taschendiebstahl,MU,IN,FF
Hanzo Shimada,Gesellschaft,Überreden,MU,IN,CH
Hanzo Shimada,Natur,Fischen/Angeln,IN,FF,KK
Yannik F.,Wissen,Anatomie,MU,KL,FF
Hanzo Shimada,Handwerk,Ackerbau,IN,FF,KO
Hanzo Shimada,Handwerk,Viehzucht,KL,IN,KK
Hanzo Shimada,Körper,Reiten,CH,GE,KK
Hanzo Shimada,Körper,Zechen,IN,KO,KK
Hanzo Shimada,Gesellschaft,Menschenkenntnis,KL,IN,CH
Yannik F.,Gesellschaft,Menschenkenntnis,KL,IN,CH
Yannik F.,Körper,Zechen,IN,KO,KK
Hanzo Shimada,Körper,Zechen,IN,KO,KK
Akira Masamune,Gesellschaft,Menschenkenntnis,KL,IN,CH
Akira Masamune,Körper,Zechen,IN,KO,KK
Akira Masamune,Gesellschaft,Gassenwissen,KL,IN,CH
Akira Masamune,Gesellschaft,Menschenkenntnis,KL,IN,CH
Hanzo Shimada,Gesellschaft,Menschenkenntnis,KL,IN,CH
Hanzo Shimada,Gesellschaft,Menschenkenntnis,KL,IN,CH
Hanzo Shimada,Gesellschaft,Überreden,MU,IN,CH
Hanzo Shimada,Körper,Schleichen,MU,IN,GE
Hanzo Shimada,Körper,Sinnesschärfe,KL,IN,IN
Hanzo Shimada,Körper,Sinnesschärfe,KL,IN,IN
Hanzo Shimada,Körper,Schleichen,MU,IN,GE
Hanzo Shimada,Körper,Sinnesschärfe,KL,IN,IN
Hanzo Shimada,Körper,Sinnesschärfe,KL,IN,IN
Yannik F.,Körper,Sinnesschärfe,KL,IN,IN
Akira Masamune,Körper,Sinnesschärfe,KL,IN,IN
Akira Masamune,Gesellschaft,Überreden,MU,IN,CH
Akira Masamune,Gesellschaft,Überreden,MU,IN,CH
Hanzo Shimada,Körper,Sinnesschärfe,KL,IN,IN
Akira Masamune,Gesellschaft,Gassenwissen,KL,IN,CH
Hanzo Shimada,Körper,Schleichen,MU,IN,GE
Hanzo Shimada,Gesellschaft,Überreden,MU,IN,CH
Hanzo Shimada,Gesellschaft,Etikette,KL,IN,CH
Hanzo Shimada,Gesellschaft,Menschenkenntnis,KL,IN,CH
Yannik F.,Körper,Athletik,GE,KO,KK
Yannik F.,Körper,Schwimmen,GE,Ko,KK
Hanzo Shimada,Wissen,Sagen/Legenden,KL,IN,CH
Hanzo Shimada,Natur,Orientierung,KL,IN,IN
Akira Masamune,Natur,Orientierung,KL,IN,IN
Akira Masamune,Gesellschaft,Überreden,MU,IN,CH
Akira Masamune,Gesellschaft,Überreden,MU,IN,CH
Hanzo Shimada,Gesellschaft,Menschenkenntnis,KL,IN,CH
Akira Masamune,Gesellschaft,Menschenkenntnis,KL,IN,CH
Hanzo Shimada,Gesellschaft,Sich Verkleiden,MU,CH,GE
Akira Masamune,Gesellschaft,Überreden,MU,IN,CH
Yannik F.,Wissen,Rechnen,KL,KL,IN
Akira Masamune,Gesellschaft,Menschenkenntnis,KL,IN,CH
Hanzo Shimada,Gesellschaft,Sich Verkleiden,MU,CH,GE
Hanzo Shimada,Gesellschaft,Etikette,KL,IN,CH
Yannik F.,Körper,Zechen,IN,KO,KK
Hanzo Shimada,Gesellschaft,Überreden,MU,IN,CH
Akira Masamune,Gesellschaft,Überreden,MU,IN,CH
Yannik F.,Gesellschaft,Überreden,MU,IN,CH
Akira Masamune,Körper,Sinnesschärfe,KL,IN,IN
Akira Masamune,Gesellschaft,Überreden,MU,IN,CH
Hanzo Shimada,Körper,Zechen,IN,KO,KK
Yannik F.,Körper,Zechen,IN,KO,KK
Akira Masamune,Körper,Zechen,IN,KO,KK
Hanzo Shimada,Körper,Sinnesschärfe,KL,IN,IN
Akira Masamune,Körper,Sinnesschärfe,KL,IN,IN
Yannik F.,Körper,Sinnesschärfe,KL,IN,IN
Hanzo Shimada,Körper,Taschendiebstahl,MU,IN,FF
Hanzo Shimada,Körper,Sinnesschärfe,KL,IN,IN
Akira Masamune,Körper,Sinnesschärfe,KL,IN,IN
Yannik F.,Gesellschaft,Überreden,MU,IN,CH
Akira Masamune,Körper,Sinnesschärfe,KL,IN,IN
Yannik F.,Gesellschaft,Überreden,MU,IN,CH
Yannik F.,Gesellschaft,Überreden,MU,IN,CH
Hanzo Shimada,Körper,Sinnesschärfe,KL,IN,IN
Akira Masamune,Körper,Sinnesschärfe,KL,IN,IN
Hanzo Shimada,Körper,Sinnesschärfe,KL,IN,IN
Hanzo Shimada,Körper,Athletik,GE,KO,KK
Akira Masamune,Körper,Athletik,GE,KO,KK
Hanzo Shimada,Körper,Athletik,GE,KO,KK
Akira Masamune,Körper,Athletik,GE,KO,KK
Hanzo Shimada,Körper,Athletik,GE,KO,KK
Akira Masamune,Körper,Athletik,GE,KO,KK
Hanzo Shimada,Körper,Athletik,GE,KO,KK
Akira Masamune,Körper,Athletik,GE,KO,KK
Hanzo Shimada,Körper,Athletik,GE,KO,KK
Akira Masamune,Körper,Athletik,GE,KO,KK
Akira Masamune,Körper,Athletik,GE,KO,KK
Hanzo Shimada,Körper,Athletik,GE,KO,KK
Hanzo Shimada,Körper,Athletik,GE,KO,KK
Akira Masamune,Körper,Athletik,GE,KO,KK
Hanzo Shimada,Körper,Athletik,GE,KO,KK
Hanzo Shimada,Körper,Athletik,GE,KO,KK
Hanzo Shimada,Körper,Körperbeherrschung,MU,IN,GE
Yannik F.,Körper,Sinnesschärfe,KL,IN,IN
Akira Masamune,Körper,Athletik,GE,KO,KK
Akira Masamune,Natur,Orientierung,KL,IN,IN
Hanzo Shimada,Körper,Athletik,GE,KO,KK
Hanzo Shimada,Körper,Klettern,MU,GE,KK
Akira Masamune,Gesellschaft,Überreden,MU,IN,CH
Akira Masamune,Körper,Athletik,GE,KO,KK
Akira Masamune,Körper,Athletik,GE,KO,KK
Akira Masamune,Gesellschaft,Überreden,MU,IN,CH
Hanzo Shimada,Körper,Sinnesschärfe,KL,IN,IN
Akira Masamune,Natur,Orientierung,KL,IN,IN
Akira Masamune,Natur,Fährtensuchen,KL,IN,IN
Akira Masamune,Körper,Sinnesschärfe,KL,IN,IN
Hanzo Shimada,Handwerk,Heilkunde Wunden,KL,CH,FF
Hanzo Shimada,Handwerk,Heilkunde Wunden,KL,CH,FF
Hanzo Shimada,Handwerk,Heilkunde Wunden,KL,CH,FF
Akira Masamune,Körper,Sinnesschärfe,KL,IN,IN
Hanzo Shimada,Körper,Sinnesschärfe,KL,IN,IN
Yannik F.,Körper,Sinnesschärfe,KL,IN,IN
Hanzo Shimada,Natur,Orientierung,KL,IN,IN
Hanzo Shimada,Körper,Sinnesschärfe,KL,IN,IN
Hanzo Shimada,Körper,Taschendiebstahl,MU,IN,FF
Hanzo Shimada,Gesellschaft,Menschenkenntnis,KL,IN,CH
Hanzo Shimada,Gesellschaft,Menschenkenntnis,KL,IN,CH
Akira Masamune,Gaben,Gefahreninstinkt,KL,IN,IN
Akira Masamune,Gesellschaft,Menschenkenntnis,KL,IN,CH
Hanzo Shimada,Handwerk,Schlösser knacken,IN,FF,FF
Akira Masamune,Körper,Sinnesschärfe,KL,IN,IN
Hanzo Shimada,Körper,Sinnesschärfe,KL,IN,IN
Akira Masamune,Gesellschaft,Überreden,MU,IN,CH
Akira Masamune,Körper,Sinnesschärfe,KL,IN,IN
Hanzo Shimada,Wissen,Götter/Kulte,KL,KL,IN
Hanzo Shimada,Gesellschaft,Überreden,MU,IN,CH
Yannik F.,Gesellschaft,Überreden,MU,IN,CH
Yannik F.,Gesellschaft,Überreden,MU,IN,CH
Hanzo Shimada,Natur,Wettervorhersage,KL,IN,IN
Hanzo Shimada,Gesellschaft,Überreden,MU,IN,CH
Hanzo Shimada,Körper,Sinnesschärfe,KL,IN,IN
Luisa B.,Wissen,Götter/Kulte,KL,KL,IN
Luisa B.,Körper,Sinnesschärfe,KL,IN,IN
Luisa B.,Natur,Wettervorhersage,KL,IN,IN
Hanzo Shimada,Natur,Wettervorhersage,KL,IN,IN
Akira Masamune,Gesellschaft,Überreden,MU,IN,CH
Yannik F.,Körper,Sinnesschärfe,KL,IN,IN
Akira Masamune,Körper,Sinnesschärfe,KL,IN,IN
Akira Masamune,Körper,Sinnesschärfe,KL,IN,IN
Luisa B.,Körper,Selbstbeherrschung,MU,KO,KK
Luisa B.,Körper,Selbstbeherrschung,MU,KO,KK
Hanzo Shimada,Gesellschaft,Überreden,MU,IN,CH
Hanzo Shimada,Natur,Fesseln/Entfesseln,FF,GE,KK
Hanzo Shimada,Körper,Selbstbeherrschung,MU,KO,KK
Hanzo Shimada,Körper,Sinnesschärfe,KL,IN,IN
Hanzo Shimada,Körper,Sinnesschärfe,KL,IN,IN
Yannik F.,Körper,Singen,IN,CH,CH
Yannik F.,Körper,Sinnesschärfe,KL,IN,IN
Akira Masamune,Gesellschaft,Überreden,MU,IN,CH
Akira Masamune,Gesellschaft,Überreden,MU,IN,CH
Hanzo Shimada,Körper,Sinnesschärfe,KL,IN,IN
Hanzo Shimada,Körper,Sinnesschärfe,KL,IN,IN
Hanzo Shimada,Handwerk,Schlösser knacken,IN,FF,FF
Hanzo Shimada,Körper,Sinnesschärfe,KL,IN,IN
Yannik F.,Körper,Athletik,GE,KO,KK
Yannik F.,Körper,Athletik,GE,KO,KK
Yannik F.,Körper,Athletik,GE,KO,KK
Akira Masamune,Körper,Sinnesschärfe,KL,IN,IN
Yannik F.,Körper,Sinnesschärfe,KL,IN,IN
Yannik F.,Körper,Sinnesschärfe,KL,IN,IN
Yannik F.,Körper,Sinnesschärfe,KL,IN,IN
Yannik F.,Körper,Selbstbeherrschung,MU,KO,KK
Yannik F.,Körper,Athletik,GE,KO,KK
Akira Masamune,Gaben,Gefahreninstinkt,KL,IN,IN
Akira Masamune,Körper,Sinnesschärfe,KL,IN,IN
Hanzo Shimada,Körper,Sinnesschärfe,KL,IN,IN
Hanzo Shimada,Körper,Sinnesschärfe,KL,IN,IN
Hanzo Shimada,Handwerk,Schlösser knacken,IN,FF,FF
Akira Masamune,Körper,Sinnesschärfe,KL,IN,IN
Yannik F.,Körper,Sinnesschärfe,KL,IN,IN
Hanzo Shimada,Handwerk,Schlösser knacken,IN,FF,FF
Akira Masamune,Körper,Sinnesschärfe,KL,IN,IN
Hanzo Shimada,Handwerk,Schlösser knacken,IN,FF,FF
Yannik F.,Wissen,Götter/Kulte,KL,KL,IN
Hanzo Shimada,Natur,Fesseln/Entfesseln,FF,GE,KK
Akira Masamune,Körper,Sinnesschärfe,KL,IN,IN
Akira Masamune,Gesellschaft,Überreden,MU,IN,CH
Akira Masamune,Gesellschaft,Menschenkenntnis,KL,IN,CH
Hanzo Shimada,Gesellschaft,Menschenkenntnis,KL,IN,CH
Yannik F.,Gesellschaft,Menschenkenntnis,KL,IN,CH
Akira Masamune,Gesellschaft,Überreden,MU,IN,CH
Hanzo Shimada,Körper,Klettern,MU,GE,KK
Akira Masamune,Gesellschaft,Überreden,MU,IN,CH
Hanzo Shimada,Körper,Klettern,MU,GE,KK
Akira Masamune,Gesellschaft,Überreden,MU,IN,CH
Akira Masamune,Körper,Sinnesschärfe,KL,IN,IN
Hanzo Shimada,Wissen,Tierkunde,MU,KL,IN
Hanzo Shimada,Körper,Körperbeherrschung,MU,IN,GE
Hanzo Shimada,Körper,Körperbeherrschung,MU,IN,GE
Akira Masamune,Körper,Körperbeherrschung,MU,IN,GE
Akira Masamune,Körper,Sinnesschärfe,KL,IN,IN
Akira Masamune,Körper,Körperbeherrschung,MU,IN,GE
Hanzo Shimada,Körper,Körperbeherrschung,MU,IN,GE
Akira Masamune,Natur,Fesseln/Entfesseln,FF,GE,KK
Yannik F.,Körper,Körperbeherrschung,MU,IN,GE
Akira Masamune,Körper,Körperbeherrschung,MU,IN,GE
Hanzo Shimada,Körper,Körperbeherrschung,MU,IN,GE
Yannik F.,Handwerk,Heilkunde Wunden,KL,CH,FF
Yannik F.,Körper,Athletik,GE,KO,KK
Yannik F.,Körper,Athletik,GE,KO,KK
Akira Masamune,Körper,Körperbeherrschung,MU,IN,GE
Yannik F.,Körper,Athletik,GE,KO,KK
Yannik F.,Körper,Körperbeherrschung,MU,IN,GE
Akira Masamune,Körper,Körperbeherrschung,MU,IN,GE
Yannik F.,Körper,Körperbeherrschung,MU,IN,GE
Hanzo Shimada,Körper,Körperbeherrschung,MU,IN,GE
Yannik F.,Körper,Körperbeherrschung,MU,IN,GE
Yannik F.,Körper,Schwimmen,GE,Ko,KK
Akira Masamune,Körper,Sinnesschärfe,KL,IN,IN
Yannik F.,Körper,Schwimmen,GE,Ko,KK
Hanzo Shimada,Körper,Sinnesschärfe,KL,IN,IN
Hanzo Shimada,Natur,Fesseln/Entfesseln,FF,GE,KK
Hanzo Shimada,Natur,Fesseln/Entfesseln,FF,GE,KK
Hanzo Shimada,Natur,Fesseln/Entfesseln,FF,GE,KK
Hanzo Shimada,Natur,Fesseln/Entfesseln,FF,GE,KK
Hanzo Shimada,Natur,Fesseln/Entfesseln,FF,GE,KK
Yannik F.,Körper,Schwimmen,GE,Ko,KK
Yannik F.,Körper,Schwimmen,GE,Ko,KK
Yannik F.,Körper,Selbstbeherrschung,MU,KO,KK
Hanzo Shimada,Körper,Sinnesschärfe,KL,IN,IN
Akira Masamune,Körper,Sinnesschärfe,KL,IN,IN
Hanzo Shimada,Natur,Fesseln/Entfesseln,FF,GE,KK
Hanzo Shimada,Natur,Fesseln/Entfesseln,FF,GE,KK
Hanzo Shimada,Natur,Fesseln/Entfesseln,FF,GE,KK
Yannik F.,Körper,Schwimmen,GE,Ko,KK
Yannik F.,Körper,Schwimmen,GE,Ko,KK
Akira Masamune,Körper,Sinnesschärfe,KL,IN,IN
Akira Masamune,Körper,Sinnesschärfe,KL,IN,IN
Yannik F.,Körper,Klettern,MU,GE,KK
Yannik F.,Körper,Klettern,MU,GE,KK
Akira Masamune,Körper,Sinnesschärfe,KL,IN,IN
Yannik F.,Körper,Sinnesschärfe,KL,IN,IN
Hanzo Shimada,Natur,Fesseln/Entfesseln,FF,GE,KK
Akira Masamune,Natur,Fesseln/Entfesseln,FF,GE,KK
Hanzo Shimada,Natur,Fesseln/Entfesseln,FF,GE,KK
Yannik F.,Handwerk,Holzbearbeitung,KL,FF,KK
Akira Masamune,Natur,Fesseln/Entfesseln,FF,GE,KK
Hanzo Shimada,Natur,Fesseln/Entfesseln,FF,GE,KK
Yannik F.,Natur,Fesseln/Entfesseln,FF,GE,KK
Akira Masamune,Körper,Schwimmen,GE,Ko,KK
Hanzo Shimada,Körper,Schwimmen,GE,Ko,KK
Yannik F.,Körper,Schwimmen,GE,Ko,KK
Yannik F.,Körper,Sinnesschärfe,KL,IN,IN
Hanzo Shimada,Körper,Selbstbeherrschung,MU,KO,KK
Akira Masamune,Körper,Selbstbeherrschung,MU,KO,KK
Hanzo Shimada,Körper,Schwimmen,GE,Ko,KK
Akira Masamune,Körper,Schwimmen,GE,Ko,KK
Hanzo Shimada,Körper,Schwimmen,GE,Ko,KK
Akira Masamune,Körper,Schwimmen,GE,Ko,KK
Yannik F.,Körper,Schwimmen,GE,Ko,KK
Yannik F.,Körper,Athletik,GE,KO,KK
Akira Masamune,Körper,Schwimmen,GE,Ko,KK
Akira Masamune,Körper,Athletik,GE,KO,KK
Akira Masamune,Natur,Orientierung,KL,IN,IN
Hanzo Shimada,Natur,Orientierung,KL,IN,IN
Hanzo Shimada,Natur,Orientierung,KL,IN,IN
Hanzo Shimada,Körper,Sinnesschärfe,KL,IN,IN
Hanzo Shimada,Körper,Sinnesschärfe,KL,IN,IN
Akira Masamune,Körper,Sinnesschärfe,KL,IN,IN
Hanzo Shimada,Natur,Orientierung,KL,IN,IN
Akira Masamune,Körper,Sinnesschärfe,KL,IN,IN
Hanzo Shimada,Körper,Sinnesschärfe,KL,IN,IN
Hanzo Shimada,Körper,Schwimmen,GE,Ko,KK
Akira Masamune,Körper,Athletik,GE,KO,KK
Akira Masamune,Körper,Athletik,GE,KO,KK
Hanzo Shimada,Körper,Athletik,GE,KO,KK
Akira Masamune,Körper,Sinnesschärfe,KL,IN,IN
Hanzo Shimada,Körper,Sinnesschärfe,KL,IN,IN
Hanzo Shimada,Körper,Sinnesschärfe,KL,IN,IN
Akira Masamune,Körper,Körperbeherrschung,MU,IN,GE
Akira Masamune,Körper,Körperbeherrschung,MU,IN,GE
Hanzo Shimada,Wissen,Tierkunde,MU,KL,IN
Akira Masamune,Körper,Körperbeherrschung,MU,IN,GE
Akira Masamune,Körper,Athletik,GE,KO,KK
Akira Masamune,Handwerk,Heilkunde Wunden,KL,CH,FF
Akira Masamune,Handwerk,Kochen,KL,IN,FF
Hanzo Shimada,Körper,Sinnesschärfe,KL,IN,IN
Akira Masamune,Körper,Sinnesschärfe,KL,IN,IN
Hanzo Shimada,Körper,Sinnesschärfe,KL,IN,IN
Hanzo Shimada,Natur,Fesseln/Entfesseln,FF,GE,KK
Akira Masamune,Körper,Sinnesschärfe,KL,IN,IN
Akira Masamune,Natur,Fesseln/Entfesseln,FF,GE,KK
Hanzo Shimada,Natur,Fesseln/Entfesseln,FF,GE,KK
Akira Masamune,Natur,Fesseln/Entfesseln,FF,GE,KK
Hanzo Shimada,Körper,Sinnesschärfe,KL,IN,IN
Hanzo Shimada,Natur,Fesseln/Entfesseln,FF,GE,KK
Akira Masamune,Körper,Körperbeherrschung,MU,IN,GE
Hanzo Shimada,Körper,Körperbeherrschung,MU,IN,GE
Yannik F.,Körper,Körperbeherrschung,MU,IN,GE
Hanzo Shimada,Körper,Sinnesschärfe,KL,IN,IN
Yannik F.,Körper,Athletik,GE,KO,KK
Akira Masamune,Gaben,Gefahreninstinkt,KL,IN,IN
Akira Masamune,Körper,Athletik,GE,KO,KK
Yannik F.,Körper,Athletik,GE,KO,KK
Hanzo Shimada,Körper,Athletik,GE,KO,KK
Hanzo Shimada,Körper,Athletik,GE,KO,KK
Akira Masamune,Gesellschaft,Überreden,MU,IN,CH
Akira Masamune,Gesellschaft,Überreden,MU,IN,CH
Akira Masamune,Gesellschaft,Überreden,MU,IN,CH
Hanzo Shimada,Gesellschaft,Überreden,MU,IN,CH
Akira Masamune,Gesellschaft,Überreden,MU,IN,CH
Hanzo Shimada,Gesellschaft,Überreden,MU,IN,CH
Hanzo Shimada,Wissen,Pflanzenkunde,KL,IN,FF
Hanzo Shimada,Körper,Sinnesschärfe,KL,IN,IN
Hanzo Shimada,Wissen,Pflanzenkunde,KL,IN,FF
Akira Masamune,Gaben,Gefahreninstinkt,KL,IN,IN
Hanzo Shimada,Körper,Sinnesschärfe,KL,IN,IN
Yannik F.,Körper,Sinnesschärfe,KL,IN,IN
Hanzo Shimada,Wissen,Sagen/Legenden,KL,IN,CH
Akira Masamune,Wissen,Sagen/Legenden,KL,IN,CH
Yannik F.,Wissen,Geschichtswissen,KL,KL,IN
Yannik F.,Wissen,Sagen/Legenden,KL,IN,CH
Akira Masamune,Gesellschaft,Überreden,MU,IN,CH
Luisa B.,Körper,Reiten,CH,GE,KK
Luisa B.,Gesellschaft,Menschenkenntnis,KL,IN,CH
Luisa B.,Gesellschaft,Menschenkenntnis,KL,IN,CH
Luisa B.,Gesellschaft,Überreden,MU,IN,CH
Luisa B.,Wissen,Götter/Kulte,KL,KL,IN
Akira Masamune,Gesellschaft,Menschenkenntnis,KL,IN,CH
Akira Masamune,Wissen,Schätzen,KL,IN,IN
Akira Masamune,Wissen,Schätzen,KL,IN,IN
Akira Masamune,Gesellschaft,Überreden,MU,IN,CH
Hanzo Shimada,Natur,Wildnisleben,IN,GE,KO
Hanzo Shimada,Körper,Sinnesschärfe,KL,IN,IN
Hanzo Shimada,Wissen,Pflanzenkunde,KL,IN,FF
Hanzo Shimada,Wissen,Pflanzenkunde,KL,IN,FF
Akira Masamune,Handwerk,Kochen,KL,IN,FF
Hanzo Shimada,Natur,Wildnisleben,IN,GE,KO
Hanzo Shimada,Handwerk,Kochen,KL,IN,FF
Hanzo Shimada,Gesellschaft,Menschenkenntnis,KL,IN,CH
Akira Masamune,Gesellschaft,Menschenkenntnis,KL,IN,CH
Akira Masamune,Gesellschaft,Überreden,MU,IN,CH
Akira Masamune,Gesellschaft,Menschenkenntnis,KL,IN,CH
Akira Masamune,Gesellschaft,Etikette,KL,IN,CH
Akira Masamune,Gesellschaft,Menschenkenntnis,KL,IN,CH
Akira Masamune,Handwerk,Grobschmied,FL,KO,KK
Akira Masamune,Handwerk,Grobschmied,FL,KO,KK
Luisa B.,Natur,Wildnisleben,IN,GE,KO
Luisa B.,Natur,Orientierung,KL,IN,IN
Niko K.,Natur,Orientierung,KL,IN,IN
Luisa B.,Natur,Wildnisleben,IN,GE,KO
Luisa B.,Natur,Orientierung,KL,IN,IN
Luisa B.,Natur,Wildnisleben,IN,GE,KO
Niko K.,Natur,Wildnisleben,IN,GE,KO
Luisa B.,Natur,Orientierung,KL,IN,IN
Niko K.,Natur,Orientierung,KL,IN,IN
Niko K.,Körper,Selbstbeherrschung,MU,KO,KK
Luisa B.,Gesellschaft,Menschenkenntnis,KL,IN,CH
Luisa B.,Gesellschaft,Überreden,MU,IN,CH
Luisa B.,Natur,Orientierung,KL,IN,IN
Luisa B.,Natur,Orientierung,KL,IN,IN
Luisa B.,Natur,Orientierung,KL,IN,IN
Luisa B.,Natur,Orientierung,KL,IN,IN
Hanzo Shimada,Körper,Athletik,GE,KO,KK
Hanzo Shimada,Körper,Schleichen,MU,IN,GE
Hanzo Shimada,Körper,Sinnesschärfe,KL,IN,IN
Hanzo Shimada,Körper,Schleichen,MU,IN,GE
Hanzo Shimada,Körper,Schleichen,MU,IN,GE
Hanzo Shimada,Körper,Sinnesschärfe,KL,IN,IN
Hanzo Shimada,Körper,Klettern,MU,GE,KK
Hanzo Shimada,Körper,Sinnesschärfe,KL,IN,IN
Hanzo Shimada,Körper,Klettern,MU,GE,KK
Hanzo Shimada,Natur,Wildnisleben,IN,GE,KO
Hanzo Shimada,Körper,Schleichen,MU,IN,GE
Yannik F.,Gesellschaft,Überreden,MU,IN,CH
Akira Masamune,Körper,Schleichen,MU,IN,GE
Akira Masamune,Körper,Sinnesschärfe,KL,IN,IN
Akira Masamune,Körper,Selbstbeherrschung,MU,KO,KK
Hanzo Shimada,Körper,Schleichen,MU,IN,GE
Yannik F.,Körper,Selbstbeherrschung,MU,KO,KK
Yannik F.,Körper,Sinnesschärfe,KL,IN,IN
Yannik F.,Wissen,Kriegskunst,MU,KL,CH
Hanzo Shimada,Körper,Schleichen,MU,IN,GE
Hanzo Shimada,Körper,Schleichen,MU,IN,GE
Akira Masamune,Gesellschaft,Menschenkenntnis,KL,IN,CH
Hanzo Shimada,Wissen,Tierkunde,MU,KL,IN
Hanzo Shimada,Natur,Wildnisleben,IN,GE,KO
Hanzo Shimada,Körper,Athletik,GE,KO,KK
Hanzo Shimada,Körper,Athletik,GE,KO,KK
Hanzo Shimada,Körper,Sinnesschärfe,KL,IN,IN
Hanzo Shimada,Körper,Athletik,GE,KO,KK
Hanzo Shimada,Körper,Athletik,GE,KO,KK
Hanzo Shimada,Körper,Körperbeherrschung,MU,IN,GE
Hanzo Shimada,Körper,Körperbeherrschung,MU,IN,GE
Hanzo Shimada,Körper,Sinnesschärfe,KL,IN,IN
Hanzo Shimada,Körper,Körperbeherrschung,MU,IN,GE
Hanzo Shimada,Körper,Athletik,GE,KO,KK
Hanzo Shimada,Körper,Athletik,GE,KO,KK
Hanzo Shimada,Körper,Athletik,GE,KO,KK
Akira Masamune,Körper,Athletik,GE,KO,KK
Akira Masamune,Körper,Körperbeherrschung,MU,IN,GE
Akira Masamune,Körper,Körperbeherrschung,MU,IN,GE
Yannik F.,Körper,Körperbeherrschung,MU,IN,GE
Akira Masamune,Körper,Sinnesschärfe,KL,IN,IN
Yannik F.,Körper,Sinnesschärfe,KL,IN,IN
Akira Masamune,Körper,Sinnesschärfe,KL,IN,IN
Yannik F.,Körper,Sinnesschärfe,KL,IN,IN
Akira Masamune,Körper,Schleichen,MU,IN,GE
Yannik F.,Körper,Schleichen,MU,IN,GE
Akira Masamune,Körper,Sinnesschärfe,KL,IN,IN
Yannik F.,Körper,Sinnesschärfe,KL,IN,IN
Akira Masamune,Körper,Athletik,GE,KO,KK
Yannik F.,Körper,Athletik,GE,KO,KK
Akira Masamune,Gesellschaft,Überreden,MU,IN,CH
Akira Masamune,Körper,Sinnesschärfe,KL,IN,IN
Akira Masamune,Körper,Athletik,GE,KO,KK
Yannik F.,Körper,Athletik,GE,KO,KK
Yannik F.,Körper,Sinnesschärfe,KL,IN,IN
Akira Masamune,Körper,Athletik,GE,KO,KK
Yannik F.,Körper,Athletik,GE,KO,KK
Akira Masamune,Körper,Sinnesschärfe,KL,IN,IN
Akira Masamune,Gaben,Gefahreninstinkt,KL,IN,IN
Akira Masamune,Körper,Athletik,GE,KO,KK
Akira Masamune,Körper,Sinnesschärfe,KL,IN,IN
Akira Masamune,Körper,Sinnesschärfe,KL,IN,IN
Akira Masamune,Körper,Sinnesschärfe,KL,IN,IN
Akira Masamune,Körper,Athletik,GE,KO,KK
Akira Masamune,Körper,Schwimmen,GE,Ko,KK
Akira Masamune,Körper,Körperbeherrschung,MU,IN,GE
Akira Masamune,Körper,Körperbeherrschung,MU,IN,GE
Akira Masamune,Gesellschaft,Überreden,MU,IN,CH
Akira Masamune,Gesellschaft,Menschenkenntnis,KL,IN,CH
Akira Masamune,Körper,Sinnesschärfe,KL,IN,IN
Akira Masamune,Körper,Schwimmen,GE,Ko,KK
Akira Masamune,Körper,Schwimmen,GE,Ko,KK
Akira Masamune,Körper,Selbstbeherrschung,MU,KO,KK
Akira Masamune,Körper,Körperbeherrschung,MU,IN,GE
Akira Masamune,Gesellschaft,Überreden,MU,IN,CH
Akira Masamune,Körper,Körperbeherrschung,MU,IN,GE
Akira Masamune,Körper,Schwimmen,GE,Ko,KK
Akira Masamune,Natur,Fesseln/Entfesseln,FF,GE,KK
Akira Masamune,Natur,Orientierung,KL,IN,IN
Akira Masamune,Gesellschaft,Überreden,MU,IN,CH
Akira Masamune,Natur,Fesseln/Entfesseln,FF,GE,KK
Akira Masamune,Natur,Fesseln/Entfesseln,FF,GE,KK
Akira Masamune,Körper,Sinnesschärfe,KL,IN,IN
Akira Masamune,Körper,Sinnesschärfe,KL,IN,IN
Akira Masamune,Körper,Sinnesschärfe,KL,IN,IN
Akira Masamune,Gesellschaft,Überreden,MU,IN,CH
Akira Masamune,Körper,Selbstbeherrschung,MU,KO,KK
Akira Masamune,Körper,Sinnesschärfe,KL,IN,IN
Akira Masamune,Gesellschaft,Überreden,MU,IN,CH
Akira Masamune,Gesellschaft,Überreden,MU,IN,CH
Akira Masamune,Gesellschaft,Menschenkenntnis,KL,IN,CH
Yannik F.,Körper,Sinnesschärfe,KL,IN,IN
Akira Masamune,Körper,Sinnesschärfe,KL,IN,IN
Yannik F.,Körper,Sinnesschärfe,KL,IN,IN
Yannik F.,Körper,Selbstbeherrschung,MU,KO,KK
Hanzo Shimada,Gesellschaft,Menschenkenntnis,KL,IN,CH
Hanzo Shimada,Körper,Sinnesschärfe,KL,IN,IN
Hanzo Shimada,Natur,Wildnisleben,IN,GE,KO
Hanzo Shimada,Natur,Wildnisleben,IN,GE,KO
Yannik F.,Körper,Selbstbeherrschung,MU,KO,KK
Hanzo Shimada,Körper,Schleichen,MU,IN,GE
Hanzo Shimada,Körper,Sinnesschärfe,KL,IN,IN
Yannik F.,Körper,Sinnesschärfe,KL,IN,IN
Hanzo Shimada,Natur,Fährtensuchen,KL,IN,IN
Hanzo Shimada,Natur,Fesseln/Entfesseln,FF,GE,KK
Hanzo Shimada,Natur,Fährtensuchen,KL,IN,IN
Hanzo Shimada,Natur,Fährtensuchen,KL,IN,IN
Yannik F.,Körper,Körperbeherrschung,MU,IN,GE
Hanzo Shimada,Körper,Körperbeherrschung,MU,IN,GE
Hanzo Shimada,Körper,Athletik,GE,KO,KK
Yannik F.,Körper,Athletik,GE,KO,KK
Hanzo Shimada,Körper,Sinnesschärfe,KL,IN,IN
Yannik F.,Körper,Sinnesschärfe,KL,IN,IN
Hanzo Shimada,Körper,Sinnesschärfe,KL,IN,IN
Hanzo Shimada,Natur,Orientierung,KL,IN,IN
Hanzo Shimada,Natur,Fährtensuchen,KL,IN,IN
Hanzo Shimada,Körper,Athletik,GE,KO,KK
Hanzo Shimada,Körper,Körperbeherrschung,MU,IN,GE
Yannik F.,Körper,Athletik,GE,KO,KK
Yannik F.,Körper,Körperbeherrschung,MU,IN,GE
Hanzo Shimada,Körper,Sinnesschärfe,KL,IN,IN
Hanzo Shimada,Körper,Athletik,GE,KO,KK
Yannik F.,Körper,Athletik,GE,KO,KK
Yannik F.,Körper,Körperbeherrschung,MU,IN,GE
Yannik F.,Körper,Körperbeherrschung,MU,IN,GE
Hanzo Shimada,Wissen,Tierkunde,MU,KL,IN
Yannik F.,Körper,Athletik,GE,KO,KK
Hanzo Shimada,Körper,Athletik,GE,KO,KK
Yannik F.,Körper,Körperbeherrschung,MU,IN,GE
Hanzo Shimada,Körper,Körperbeherrschung,MU,IN,GE
Yannik F.,Körper,Athletik,GE,KO,KK
Yannik F.,Körper,Körperbeherrschung,MU,IN,GE
Hanzo Shimada,Natur,Orientierung,KL,IN,IN
Hanzo Shimada,Körper,Sinnesschärfe,KL,IN,IN
Akira Masamune,Gesellschaft,Menschenkenntnis,KL,IN,CH
Akira Masamune,Körper,Sinnesschärfe,KL,IN,IN
Akira Masamune,Körper,Sinnesschärfe,KL,IN,IN
Akira Masamune,Körper,Sinnesschärfe,KL,IN,IN
Akira Masamune,Körper,Sinnesschärfe,KL,IN,IN
Akira Masamune,Körper,Sinnesschärfe,KL,IN,IN
Hanzo Shimada,Natur,Fährtensuchen,KL,IN,IN
Yannik F.,Körper,Sinnesschärfe,KL,IN,IN
Akira Masamune,Gaben,Gefahreninstinkt,KL,IN,IN
Akira Masamune,Gaben,Gefahreninstinkt,KL,IN,IN
Akira Masamune,Körper,Sinnesschärfe,KL,IN,IN
Akira Masamune,Wissen,Tierkunde,MU,KL,IN
Hanzo Shimada,Körper,Sinnesschärfe,KL,IN,IN
Hanzo Shimada,Körper,Schleichen,MU,IN,GE
Akira Masamune,Körper,Sinnesschärfe,KL,IN,IN
Akira Masamune,Körper,Sinnesschärfe,KL,IN,IN
Hanzo Shimada,Körper,Sinnesschärfe,KL,IN,IN
Yannik F.,Körper,Sinnesschärfe,KL,IN,IN
Akira Masamune,Handwerk,Heilkunde Wunden,KL,CH,FF
Hanzo Shimada,Handwerk,Heilkunde Wunden,KL,CH,FF
Yannik F.,Handwerk,Heilkunde Wunden,KL,CH,FF
Hanzo Shimada,Natur,Fährtensuchen,KL,IN,IN
Hanzo Shimada,Natur,Fährtensuchen,KL,IN,IN
Akira Masamune,Wissen,Schätzen,KL,IN,IN
Hanzo Shimada,Handwerk,Kochen,KL,IN,FF
Hanzo Shimada,Wissen,Schätzen,KL,IN,IN
Hanzo Shimada,Gesellschaft,Gassenwissen,KL,IN,CH
Hanzo Shimada,Wissen,Sagen/Legenden,KL,IN,CH
Akira Masamune,Wissen,Sagen/Legenden,KL,IN,CH
Hanzo Shimada,Wissen,Götter/Kulte,KL,KL,IN
Akira Masamune,Gesellschaft,Überreden,MU,IN,CH
Akira Masamune,Gesellschaft,Gassenwissen,KL,IN,CH
Akira Masamune,Gesellschaft,Überreden,MU,IN,CH
Akira Masamune,Wissen,Schätzen,KL,IN,IN
Hanzo Shimada,Handwerk,Holzbearbeitung,KL,FF,KK
Akira Masamune,Wissen,Schätzen,KL,IN,IN
Akira Masamune,Wissen,Schätzen,KL,IN,IN
Akira Masamune,Gesellschaft,Überreden,MU,IN,CH
Akira Masamune,Gesellschaft,Überreden,MU,IN,CH
Akira Masamune,Gesellschaft,Menschenkenntnis,KL,IN,CH
Hanzo Shimada,Gesellschaft,Menschenkenntnis,KL,IN,CH
Akira Masamune,Gesellschaft,Menschenkenntnis,KL,IN,CH
Akira Masamune,Gesellschaft,Überreden,MU,IN,CH
Hanzo Shimada,Natur,Wildnisleben,IN,GE,KO
Hanzo Shimada,Natur,Wildnisleben,IN,GE,KO
Hanzo Shimada,Natur,Wildnisleben,IN,GE,KO
Hanzo Shimada,Natur,Wildnisleben,IN,GE,KO
Hanzo Shimada,Natur,Wildnisleben,IN,GE,KO
Hanzo Shimada,Natur,Fischen/Angeln,IN,FF,KK
Hanzo Shimada,Natur,Fischen/Angeln,IN,FF,KK
Hanzo Shimada,Wissen,Geographie,KL,KL,IN
Akira Masamune,Gesellschaft,Überreden,MU,IN,CH
Akira Masamune,Gesellschaft,Überreden,MU,IN,CH
Akira Masamune,Gesellschaft,Überreden,MU,IN,CH
Akira Masamune,Wissen,Schätzen,KL,IN,IN
Akira Masamune,Gesellschaft,Überreden,MU,IN,CH
Hanzo Shimada,Gesellschaft,Etikette,KL,IN,CH
Yannik F.,Gesellschaft,Etikette,KL,IN,CH
Yannik F.,Gesellschaft,Etikette,KL,IN,CH
Akira Masamune,Gesellschaft,Etikette,KL,IN,CH
Akira Masamune,Gesellschaft,Menschenkenntnis,KL,IN,CH
Akira Masamune,Gesellschaft,Menschenkenntnis,KL,IN,CH
Hanzo Shimada,Gesellschaft,Menschenkenntnis,KL,IN,CH
Akira Masamune,Gesellschaft,Überreden,MU,IN,CH
Hanzo Shimada,Natur,Wildnisleben,IN,GE,KO
Hanzo Shimada,Natur,Wildnisleben,IN,GE,KO
Hanzo Shimada,Natur,Fischen/Angeln,IN,FF,KK
Hanzo Shimada,Natur,Fischen/Angeln,IN,FF,KK
Yannik F.,Natur,Fischen/Angeln,IN,FF,KK
Yannik F.,Natur,Fischen/Angeln,IN,FF,KK
Hanzo Shimada,Handwerk,Kochen,KL,IN,FF
Akira Masamune,Gesellschaft,Menschenkenntnis,KL,IN,CH
Akira Masamune,Gesellschaft,Etikette,KL,IN,CH
Akira Masamune,Gesellschaft,Überreden,MU,IN,CH
Akira Masamune,Gesellschaft,Überreden,MU,IN,CH
Akira Masamune,Körper,Sinnesschärfe,KL,IN,IN
Akira Masamune,Wissen,Schätzen,KL,IN,IN
Akira Masamune,Wissen,Schätzen,KL,IN,IN
Luisa B.,Wissen,Pflanzenkunde,KL,IN,FF
Akira Masamune,Gesellschaft,Menschenkenntnis,KL,IN,CH
Akira Masamune,Körper,Zechen,IN,KO,KK
Yannik F.,Körper,Zechen,IN,KO,KK
Akira Masamune,Wissen,Sagen/Legenden,KL,IN,CH
Yannik F.,Wissen,Sagen/Legenden,KL,IN,CH
Yannik F.,Wissen,Sagen/Legenden,KL,IN,CH
Akira Masamune,Wissen,Schätzen,KL,IN,IN
Akira Masamune,Gesellschaft,Menschenkenntnis,KL,IN,CH
Hanzo Shimada,Gesellschaft,Menschenkenntnis,KL,IN,CH
Luisa B.,Gesellschaft,Menschenkenntnis,KL,IN,CH
Niko K.,Körper,Zechen,IN,KO,KK
Akira Masamune,Körper,Zechen,IN,KO,KK
Hanzo Shimada,Körper,Zechen,IN,KO,KK
Yannik F.,Körper,Zechen,IN,KO,KK
Luisa B.,Körper,Zechen,IN,KO,KK
Yannik F.,Körper,Zechen,IN,KO,KK
Luisa B.,Wissen,Magiekunde,KL,KL,IN
Luisa B.,Wissen,Sagen/Legenden,KL,IN,CH
Luisa B.,Wissen,Sagen/Legenden,KL,IN,CH
Luisa B.,Wissen,Tierkunde,MU,KL,IN
Niko K.,Wissen,Tierkunde,MU,KL,IN
Hanzo Shimada,Wissen,Tierkunde,MU,KL,IN
Hanzo Shimada,Wissen,Pflanzenkunde,KL,IN,FF
Luisa B.,Wissen,Tierkunde,MU,KL,IN
Akira Masamune,Wissen,Schätzen,KL,IN,IN
Hanzo Shimada,Handwerk,Kochen,KL,IN,FF
Akira Masamune,Körper,Athletik,GE,KO,KK
Hanzo Shimada,Handwerk,Abrichten,MU,IN,CH
Akira Masamune,Gesellschaft,Überreden,MU,IN,CH
Hanzo Shimada,Körper,Schleichen,MU,IN,GE
Akira Masamune,Gesellschaft,Überreden,MU,IN,CH
Hanzo Shimada,Körper,Reiten,CH,GE,KK
Hanzo Shimada,Körper,Reiten,CH,GE,KK
Hanzo Shimada,Handwerk,Abrichten,MU,IN,CH
Hanzo Shimada,Handwerk,Abrichten,MU,IN,CH
Hanzo Shimada,Körper,Reiten,CH,GE,KK
Akira Masamune,Gesellschaft,Überreden,MU,IN,CH
Akira Masamune,Gesellschaft,Menschenkenntnis,KL,IN,CH
Akira Masamune,Gesellschaft,Überreden,MU,IN,CH
Akira Masamune,Gesellschaft,Überreden,MU,IN,CH
Akira Masamune,Gesellschaft,Überreden,MU,IN,CH
Akira Masamune,Gesellschaft,Überreden,MU,IN,CH
Akira Masamune,Gesellschaft,Überreden,MU,IN,CH
Akira Masamune,Gesellschaft,Überreden,MU,IN,CH
Akira Masamune,Wissen,Tierkunde,MU,KL,IN
Akira Masamune,Gesellschaft,Überreden,MU,IN,CH
Hanzo Shimada,Natur,Wildnisleben,IN,GE,KO
Yannik F.,Körper,Athletik,GE,KO,KK
Hanzo Shimada,Körper,Athletik,GE,KO,KK
Yannik F.,Körper,Athletik,GE,KO,KK
Yannik F.,Natur,Wildnisleben,IN,GE,KO
Hanzo Shimada,Natur,Wildnisleben,IN,GE,KO
Hanzo Shimada,Natur,Wettervorhersage,KL,IN,IN
Yannik F.,Natur,Wildnisleben,IN,GE,KO
Yannik F.,Natur,Wildnisleben,IN,GE,KO
Yannik F.,Natur,Wildnisleben,IN,GE,KO
Yannik F.,Natur,Wildnisleben,IN,GE,KO
Yannik F.,Natur,Wildnisleben,IN,GE,KO
Yannik F.,Natur,Orientierung,KL,IN,IN
Yannik F.,Natur,Orientierung,KL,IN,IN
Hanzo Shimada,Natur,Fährtensuchen,KL,IN,IN
Hanzo Shimada,Natur,Wildnisleben,IN,GE,KO
Hanzo Shimada,Körper,Schleichen,MU,IN,GE
Hanzo Shimada,Körper,Klettern,MU,GE,KK
Hanzo Shimada,Natur,Fährtensuchen,KL,IN,IN
Hanzo Shimada,Natur,Wildnisleben,IN,GE,KO
Niko K.,Körper,Schleichen,MU,IN,GE
Hanzo Shimada,Körper,Schleichen,MU,IN,GE
Hanzo Shimada,Körper,Schleichen,MU,IN,GE
Yannik F.,Körper,Klettern,MU,GE,KK
Hanzo Shimada,Handwerk,Kochen,KL,IN,FF
Akira Masamune,Handwerk,Kochen,KL,IN,FF
Yannik F.,Handwerk,Kochen,KL,IN,FF
Yannik F.,Natur,Wildnisleben,IN,GE,KO
Luisa B.,Natur,Wildnisleben,IN,GE,KO
Yannik F.,Natur,Wildnisleben,IN,GE,KO
Niko K.,Natur,Wildnisleben,IN,GE,KO
Yannik F.,Natur,Wildnisleben,IN,GE,KO
Luisa B.,Natur,Wildnisleben,IN,GE,KO
Yannik F.,Natur,Wildnisleben,IN,GE,KO
Luisa B.,Natur,Wildnisleben,IN,GE,KO
Yannik F.,Natur,Wildnisleben,IN,GE,KO
Niko K.,Natur,Wildnisleben,IN,GE,KO
Yannik F.,Natur,Wildnisleben,IN,GE,KO
Yannik F.,Natur,Wildnisleben,IN,GE,KO
Yannik F.,Natur,Wildnisleben,IN,GE,KO
Yannik F.,Natur,Wildnisleben,IN,GE,KO
Yannik F.,Natur,Wildnisleben,IN,GE,KO
Akira Masamune,Natur,Orientierung,KL,IN,IN
Yannik F.,Natur,Wildnisleben,IN,GE,KO
Yannik F.,Natur,Wildnisleben,IN,GE,KO
Yannik F.,Natur,Wildnisleben,IN,GE,KO
Yannik F.,Natur,Wildnisleben,IN,GE,KO
Luisa B.,Natur,Wildnisleben,IN,GE,KO
Luisa B.,Natur,Wildnisleben,IN,GE,KO
Luisa B.,Natur,Wildnisleben,IN,GE,KO
Luisa B.,Natur,Wildnisleben,IN,GE,KO
Luisa B.,Natur,Orientierung,KL,IN,IN
Yannik F.,Körper,Körperbeherrschung,MU,IN,GE
Akira Masamune,Körper,Körperbeherrschung,MU,IN,GE
Akira Masamune,Wissen,Pflanzenkunde,KL,IN,FF
Luisa B.,Wissen,Pflanzenkunde,KL,IN,FF
Luisa B.,Wissen,Pflanzenkunde,KL,IN,FF
Luisa B.,Wissen,Pflanzenkunde,KL,IN,FF
Yannik F.,Wissen,Tierkunde,MU,KL,IN
Luisa B.,Wissen,Tierkunde,MU,KL,IN
Luisa B.,Wissen,Magiekunde,KL,KL,IN
Luisa B.,Wissen,Magiekunde,KL,KL,IN
Luisa B.,Natur,Wildnisleben,IN,GE,KO
Yannik F.,Natur,Wildnisleben,IN,GE,KO
Yannik F.,Natur,Wildnisleben,IN,GE,KO
Yannik F.,Natur,Fährtensuchen,KL,IN,IN
Yannik F.,Natur,Wildnisleben,IN,GE,KO
Yannik F.,Natur,Wildnisleben,IN,GE,KO
Yannik F.,Natur,Wildnisleben,IN,GE,KO
Yannik F.,Natur,Wildnisleben,IN,GE,KO
Yannik F.,Natur,Wildnisleben,IN,GE,KO
Yannik F.,Natur,Wildnisleben,IN,GE,KO
Yannik F.,Natur,Orientierung,KL,IN,IN
Yannik F.,Natur,Orientierung,KL,IN,IN
Yannik F.,Natur,Orientierung,KL,IN,IN
Luisa B.,Handwerk,Heilkunde Wunden,KL,CH,FF
Luisa B.,Handwerk,Heilkunde Wunden,KL,CH,FF
Luisa B.,Handwerk,Heilkunde Wunden,KL,CH,FF
Hanzo Shimada,Natur,Wildnisleben,IN,GE,KO
Akira Masamune,Handwerk,Kochen,KL,IN,FF
Hanzo Shimada,Handwerk,Kochen,KL,IN,FF
Luisa B.,Körper,Selbstbeherrschung,MU,KO,KK
Luisa B.,Körper,Selbstbeherrschung,MU,KO,KK
Luisa B.,Wissen,Tierkunde,MU,KL,IN
Hanzo Shimada,Körper,Sich verstecken,MU,IN,KK
Hanzo Shimada,Wissen,Tierkunde,MU,KL,IN
Hanzo Shimada,Natur,Orientierung,KL,IN,IN
Niko K.,Körper,Tanzen,CH,GE,GE
Niko K.,Körper,Körperbeherrschung,MU,IN,GE
Niko K.,Körper,Akrobatik,MU,GE,KK
Hanzo Shimada,Natur,Wildnisleben,IN,GE,KO
Hanzo Shimada,Natur,Orientierung,KL,IN,IN
Hanzo Shimada,Natur,Orientierung,KL,IN,IN
Akira Masamune,Gesellschaft,Überreden,MU,IN,CH
Hanzo Shimada,Gesellschaft,Überreden,MU,IN,CH
Hanzo Shimada,Natur,Wildnisleben,IN,GE,KO
Hanzo Shimada,Natur,Wildnisleben,IN,GE,KO
Hanzo Shimada,Natur,Wettervorhersage,KL,IN,IN
Yannik F.,Natur,Wildnisleben,IN,GE,KO
Hanzo Shimada,Natur,Wildnisleben,IN,GE,KO
Hanzo Shimada,Natur,Orientierung,KL,IN,IN
Hanzo Shimada,Natur,Fährtensuchen,KL,IN,IN
Niko K.,Natur,Orientierung,KL,IN,IN
Niko K.,Natur,Wildnisleben,IN,GE,KO
Hanzo Shimada,Natur,Wildnisleben,IN,GE,KO
Hanzo Shimada,Natur,Orientierung,KL,IN,IN
Niko K.,Natur,Wildnisleben,IN,GE,KO
Niko K.,Natur,Orientierung,KL,IN,IN
Niko K.,Körper,Körperbeherrschung,MU,IN,GE
Akira Masamune,Handwerk,Kochen,KL,IN,FF
Hanzo Shimada,Handwerk,Kochen,KL,IN,FF
Luisa B.,Körper,Selbstbeherrschung,MU,KO,KK
Yannik F.,Körper,Selbstbeherrschung,MU,KO,KK
Yannik F.,Körper,Klettern,MU,GE,KK
Yannik F.,Körper,Klettern,MU,GE,KK
Yannik F.,Körper,Klettern,MU,GE,KK
Yannik F.,Körper,Klettern,MU,GE,KK
Yannik F.,Körper,Körperbeherrschung,MU,IN,GE
Akira Masamune,Körper,Klettern,MU,GE,KK
Akira Masamune,Körper,Klettern,MU,GE,KK
Akira Masamune,Körper,Klettern,MU,GE,KK
Akira Masamune,Körper,Klettern,MU,GE,KK
Akira Masamune,Körper,Klettern,MU,GE,KK
Akira Masamune,Körper,Klettern,MU,GE,KK
Luisa B.,Körper,Klettern,MU,GE,KK
Hanzo Shimada,Körper,Klettern,MU,GE,KK
Hanzo Shimada,Körper,Klettern,MU,GE,KK
Hanzo Shimada,Körper,Klettern,MU,GE,KK
Hanzo Shimada,Körper,Klettern,MU,GE,KK
Yannik F.,Körper,Klettern,MU,GE,KK
Yannik F.,Körper,Klettern,MU,GE,KK
Yannik F.,Körper,Klettern,MU,GE,KK
Yannik F.,Körper,Klettern,MU,GE,KK
Yannik F.,Körper,Klettern,MU,GE,KK
Yannik F.,Körper,Klettern,MU,GE,KK
Akira Masamune,Wissen,Schätzen,KL,IN,IN
Hanzo Shimada,Wissen,Tierkunde,MU,KL,IN
Yannik F.,Natur,Wildnisleben,IN,GE,KO
Hanzo Shimada,Natur,Wildnisleben,IN,GE,KO
Yannik F.,Handwerk,Holzbearbeitung,KL,FF,KK
Hanzo Shimada,Handwerk,Holzbearbeitung,KL,FF,KK
Akira Masamune,Handwerk,Holzbearbeitung,KL,FF,KK
Luisa B.,Natur,Wildnisleben,IN,GE,KO
Hanzo Shimada,Natur,Wildnisleben,IN,GE,KO
Akira Masamune,Handwerk,Holzbearbeitung,KL,FF,KK
Hanzo Shimada,Handwerk,Holzbearbeitung,KL,FF,KK
Hanzo Shimada,Körper,Körperbeherrschung,MU,IN,GE
Hanzo Shimada,Natur,Fährtensuchen,KL,IN,IN
Hanzo Shimada,Wissen,Tierkunde,MU,KL,IN
Hanzo Shimada,Natur,Fährtensuchen,KL,IN,IN
Yannik F.,Natur,Wildnisleben,IN,GE,KO
Luisa B.,Natur,Wildnisleben,IN,GE,KO
Luisa B.,Natur,Wildnisleben,IN,GE,KO
Hanzo Shimada,Körper,Schleichen,MU,IN,GE
Hanzo Shimada,Körper,Sich verstecken,MU,IN,KK
Hanzo Shimada,Körper,Schleichen,MU,IN,GE
Hanzo Shimada,Körper,Sich verstecken,MU,IN,KK
Hanzo Shimada,Körper,Schleichen,MU,IN,GE
Hanzo Shimada,Körper,Sich verstecken,MU,IN,KK
Hanzo Shimada,Körper,Schleichen,MU,IN,GE
Hanzo Shimada,Körper,Sich verstecken,MU,IN,KK
Hanzo Shimada,Wissen,Tierkunde,MU,KL,IN
Hanzo Shimada,Natur,Wildnisleben,IN,GE,KO
Yannik F.,Natur,Wildnisleben,IN,GE,KO
Akira Masamune,Gesellschaft,Menschenkenntnis,KL,IN,CH
Hanzo Shimada,Natur,Fährtensuchen,KL,IN,IN
Hanzo Shimada,Körper,Schleichen,MU,IN,GE
Hanzo Shimada,Natur,Wildnisleben,IN,GE,KO
Yannik F.,Natur,Wildnisleben,IN,GE,KO
Hanzo Shimada,Handwerk,Kochen,KL,IN,FF
Hanzo Shimada,Natur,Fährtensuchen,KL,IN,IN
Hanzo Shimada,Wissen,Tierkunde,MU,KL,IN
Hanzo Shimada,Natur,Fährtensuchen,KL,IN,IN
Hanzo Shimada,Natur,Fährtensuchen,KL,IN,IN
Hanzo Shimada,Körper,Schleichen,MU,IN,GE
Akira Masamune,Körper,Selbstbeherrschung,MU,KO,KK
Niko K.,Gesellschaft,Menschenkenntnis,KL,IN,CH
Akira Masamune,Gesellschaft,Überreden,MU,IN,CH
Niko K.,Gesellschaft,Überreden,MU,IN,CH
Akira Masamune,Gesellschaft,Menschenkenntnis,KL,IN,CH
Akira Masamune,Gesellschaft,Überreden,MU,IN,CH
Akira Masamune,Handwerk,Grobschmied,FL,KO,KK
Niko K.,Körper,Selbstbeherrschung,MU,KO,KK
Hanzo Shimada,Körper,Selbstbeherrschung,MU,KO,KK
Akira Masamune,Körper,Selbstbeherrschung,MU,KO,KK
Yannik F.,Körper,Selbstbeherrschung,MU,KO,KK
Yannik F.,Körper,Selbstbeherrschung,MU,KO,KK
Hanzo Shimada,Körper,Selbstbeherrschung,MU,KO,KK
Akira Masamune,Handwerk,Holzbearbeitung,KL,FF,KK
Hanzo Shimada,Körper,Schleichen,MU,IN,GE
Niko K.,Wissen,Magiekunde,KL,KL,IN
Niko K.,Wissen,Tierkunde,MU,KL,IN
Niko K.,Wissen,Tierkunde,MU,KL,IN
Niko K.,Wissen,Magiekunde,KL,KL,IN
Akira Masamune,Wissen,Sagen/Legenden,KL,IN,CH
Hanzo Shimada,Körper,Schleichen,MU,IN,GE
Hanzo Shimada,Körper,Schleichen,MU,IN,GE
Akira Masamune,Körper,Schleichen,MU,IN,GE
Akira Masamune,Körper,Schleichen,MU,IN,GE
Akira Masamune,Körper,Schleichen,MU,IN,GE
Yannik F.,Körper,Sich verstecken,MU,IN,KK
Hanzo Shimada,Körper,Sich verstecken,MU,IN,KK
Yannik F.,Körper,Sich verstecken,MU,IN,KK
Yannik F.,Körper,Athletik,GE,KO,KK
Niko K.,Körper,Schleichen,MU,IN,GE
Akira Masamune,Körper,Klettern,MU,GE,KK
Akira Masamune,Gesellschaft,Menschenkenntnis,KL,IN,CH
Akira Masamune,Körper,Klettern,MU,GE,KK
Akira Masamune,Körper,Athletik,GE,KO,KK
Hanzo Shimada,Natur,Wildnisleben,IN,GE,KO
Akira Masamune,Gesellschaft,Überreden,MU,IN,CH
Akira Masamune,Gesellschaft,Menschenkenntnis,KL,IN,CH
Akira Masamune,Gesellschaft,Menschenkenntnis,KL,IN,CH
Akira Masamune,Gaben,Gefahreninstinkt,KL,IN,IN
Akira Masamune,Gaben,Gefahreninstinkt,KL,IN,IN
Akira Masamune,Wissen,Sagen/Legenden,KL,IN,CH
Niko K.,Handwerk,Heilkunde Wunden,KL,CH,FF
Hanzo Shimada,Natur,Wildnisleben,IN,GE,KO
Yannik F.,Natur,Wildnisleben,IN,GE,KO
Yannik F.,Natur,Wildnisleben,IN,GE,KO
Hanzo Shimada,Natur,Wildnisleben,IN,GE,KO
Yannik F.,Natur,Wildnisleben,IN,GE,KO
Hanzo Shimada,Natur,Wildnisleben,IN,GE,KO
Niko K.,Natur,Orientierung,KL,IN,IN
Niko K.,Natur,Orientierung,KL,IN,IN
Niko K.,Körper,Selbstbeherrschung,MU,KO,KK
